TCurr, mavlink_nav_controller_output_t.nav_roll, mavlink_nav_controller_output_t.nav_pitch, mavlink_attitude_t.yaw, mavlink_gps_raw_int_t.vel, mavlink_raw_imu_t.xgyro, mavlink_raw_imu_t.ygyro
-0.4774925,-0.1303065,-0.2459805,-0.2086888,0,0,0
-0.4774925,-0.1303065,-0.2459805,-0.2086888,0,0,0
-0.4774925,-0.1303065,-0.2459805,-0.2086888,0,0,0
-0.4774925,-0.1303065,-0.2459805,-0.2086888,0,0,0
-0.6934393,-0.04276363,-0.20766,-0.2086888,0,0,0
-0.6934393,-0.04276363,-0.20766,-0.7186032,0,0,0
-0.6934393,-0.04276363,-0.20766,-0.7186032,0,0,0
-0.6934393,-0.04276363,-0.20766,-0.7186032,0,0,0
-0.6934393,-0.04276363,-0.20766,-0.7186032,0,0,0
-0.6934393,-0.04276363,-0.20766,-0.7186032,0,0,0
-0.6934393,-0.04276363,-0.20766,-0.7186032,0,0,0
-0.6934393,-0.04276363,-0.20766,-0.7186032,0,0,0
-0.6934393,-0.04276363,-0.20766,-0.7186032,0,0,0
-0.6934393,-0.04276363,-0.20766,-0.7186032,0,0,0
-0.6934393,-0.04276363,-0.20766,-0.7186032,0,0,0
-0.6916676,-0.058841,-0.2021593,-0.7186032,0,0,0
-0.6916676,-0.058841,-0.2021593,-0.7198673,0,0,0
-0.6916676,-0.058841,-0.2021593,-0.7198673,0,0,0
-0.6916676,-0.058841,-0.2021593,-0.7198673,0,0,0
-0.6916676,-0.058841,-0.2021593,-0.7198673,0,0,1
-0.6916676,-0.058841,-0.2021593,-0.7198673,0,0,1
-0.6916676,-0.058841,-0.2021593,-0.7198673,0,0,1
-0.6916676,-0.058841,-0.2021593,-0.7210237,0,0,1
-0.6916676,-0.058841,-0.2021593,-0.7210237,0,0,1
-0.6916676,-0.058841,-0.2021593,-0.7210237,0,0,1
-0.6916676,-0.058841,-0.2021593,-0.7210237,0,0,1
-0.6916676,-0.058841,-0.2021593,-0.7210237,4,0,1
-0.6945339,-0.07004617,-0.1960385,-0.7210237,4,0,1
-0.6945339,-0.07004617,-0.1960385,-0.7221531,4,0,1
-0.6945339,-0.07004617,-0.1960385,-0.7221531,4,0,1
-0.6945339,-0.07004617,-0.1960385,-0.7221531,4,0,1
-0.6945339,-0.07004617,-0.1960385,-0.7221531,4,0,0
-0.6945339,-0.07004617,-0.1960385,-0.7221531,4,0,0
-0.6945339,-0.07004617,-0.1960385,-0.7221531,4,0,0
-0.6945339,-0.07004617,-0.1960385,-0.7221531,4,0,0
-0.6945339,-0.07004617,-0.1960385,-0.7221531,4,0,0
-0.6945339,-0.07004617,-0.1960385,-0.7221531,4,0,0
-0.6945339,-0.07004617,-0.1960385,-0.7221531,1,0,0
-0.7011999,-0.08910447,-0.1874048,-0.7221531,1,0,0
-0.7011999,-0.08910447,-0.1874048,-0.7234513,1,0,0
-0.7011999,-0.08910447,-0.1874048,-0.7234513,1,0,0
-0.7011999,-0.08910447,-0.1874048,-0.7234513,1,0,0
-0.7011999,-0.08910447,-0.1874048,-0.7234513,1,0,0
-0.7011999,-0.08910447,-0.1874048,-0.7234513,1,0,0
-0.7011999,-0.08910447,-0.1874048,-0.7234513,1,0,0
-0.7011999,-0.08910447,-0.1874048,-0.7234513,1,0,0
-0.7011999,-0.08910447,-0.1874048,-0.7245492,1,0,0
-0.7011999,-0.08910447,-0.1874048,-0.7245492,1,0,0
-0.7011999,-0.08910447,-0.1874048,-0.7245492,1,0,0
-0.7011999,-0.08910447,-0.1874048,-0.7245492,3,0,0
-0.7070719,-0.0909089,-0.1849858,-0.7245492,3,0,0
-0.7070719,-0.0909089,-0.1849858,-0.7255875,3,0,0
-0.7070719,-0.0909089,-0.1849858,-0.7255875,3,0,0
-0.7070719,-0.0909089,-0.1849858,-0.7255875,3,0,0
-0.7070719,-0.0909089,-0.1849858,-0.7255875,3,1,0
-0.7070719,-0.0909089,-0.1849858,-0.7255875,3,1,0
-0.7070719,-0.0909089,-0.1849858,-0.7255875,3,1,0
-0.7070719,-0.0909089,-0.1849858,-0.7255875,3,1,0
-0.7070719,-0.0909089,-0.1849858,-0.7255875,3,1,0
-0.7070719,-0.0909089,-0.1849858,-0.7255875,3,1,0
-0.7070719,-0.0909089,-0.1849858,-0.7255875,2,1,0
-0.7019501,-0.08440986,-0.2006543,-0.7255875,2,1,0
-0.7019501,-0.08440986,-0.2006543,-0.7277381,2,1,0
-0.7019501,-0.08440986,-0.2006543,-0.7277381,2,1,0
-0.7019501,-0.08440986,-0.2006543,-0.7277381,2,1,0
-0.7019501,-0.08440986,-0.2006543,-0.7297514,2,1,0
-0.7019501,-0.08440986,-0.2006543,-0.7297514,2,0,0
-0.7019501,-0.08440986,-0.2006543,-0.7297514,2,0,0
-0.7019501,-0.08440986,-0.2006543,-0.7297514,2,0,0
-0.7019501,-0.08440986,-0.2006543,-0.7297514,2,0,0
-0.7019501,-0.08440986,-0.2006543,-0.7297514,2,0,0
-0.7019501,-0.08440986,-0.2006543,-0.7297514,2,0,0
-0.7019501,-0.08440986,-0.2006543,-0.7297514,3,0,0
-0.7115466,-0.07820837,-0.1996375,-0.7297514,3,0,0
-0.7115466,-0.07820837,-0.1996375,-0.7322983,3,0,0
-0.7115466,-0.07820837,-0.1996375,-0.7322983,3,0,0
-0.7115466,-0.07820837,-0.1996375,-0.7322983,3,0,0
-0.7115466,-0.07820837,-0.1996375,-0.7322983,3,1,0
-0.7115466,-0.07820837,-0.1996375,-0.7322983,3,1,0
-0.7115466,-0.07820837,-0.1996375,-0.7322983,3,1,0
-0.7115466,-0.07820837,-0.1996375,-0.7344571,3,1,0
-0.7115466,-0.07820837,-0.1996375,-0.7344571,3,1,0
-0.7115466,-0.07820837,-0.1996375,-0.7344571,3,1,0
-0.7115466,-0.07820837,-0.1996375,-0.7344571,3,1,0
-0.7115466,-0.07820837,-0.1996375,-0.7344571,3,1,0
-0.7001988,-0.1234976,-0.1692882,-0.7344571,3,1,0
-0.7001988,-0.1234976,-0.1692882,-0.7364236,3,1,0
-0.7001988,-0.1234976,-0.1692882,-0.7364236,3,1,0
-0.7001988,-0.1234976,-0.1692882,-0.7364236,3,1,0
-0.7001988,-0.1234976,-0.1692882,-0.7364236,3,0,0
-0.7001988,-0.1234976,-0.1692882,-0.7364236,3,0,0
-0.7001988,-0.1234976,-0.1692882,-0.7364236,3,0,0
-0.7001988,-0.1234976,-0.1692882,-0.7364236,3,0,0
-0.7001988,-0.1234976,-0.1692882,-0.7384211,3,0,0
-0.7001988,-0.1234976,-0.1692882,-0.7384211,3,0,0
-0.7001988,-0.1234976,-0.1692882,-0.7384211,3,0,0
-0.7001988,-0.1234976,-0.1692882,-0.7384211,1,0,0
-0.7271953,-0.1296224,-0.1767346,-0.7384211,1,0,0
-0.7271953,-0.1296224,-0.1767346,-0.7401164,1,0,0
-0.7271953,-0.1296224,-0.1767346,-0.7401164,1,0,0
-0.7271953,-0.1296224,-0.1767346,-0.7401164,1,0,0
-0.7271953,-0.1296224,-0.1767346,-0.7401164,1,0,1
-0.7271953,-0.1296224,-0.1767346,-0.7401164,1,0,1
-0.7271953,-0.1296224,-0.1767346,-0.7401164,1,0,1
-0.7271953,-0.1296224,-0.1767346,-0.7401164,1,0,1
-0.7271953,-0.1296224,-0.1767346,-0.7418564,1,0,1
-0.7271953,-0.1296224,-0.1767346,-0.7418564,1,0,1
-0.7271953,-0.1296224,-0.1767346,-0.7418564,1,0,1
-0.7271953,-0.1296224,-0.1767346,-0.7418564,3,0,1
-0.7179944,-0.1290498,-0.188219,-0.7418564,3,0,1
-0.7179944,-0.1290498,-0.188219,-0.7437856,3,0,1
-0.7179944,-0.1290498,-0.188219,-0.7437856,3,0,1
-0.7179944,-0.1290498,-0.188219,-0.7437856,3,0,1
-0.7179944,-0.1290498,-0.188219,-0.7437856,3,0,0
-0.7179944,-0.1290498,-0.188219,-0.7437856,3,0,0
-0.7179944,-0.1290498,-0.188219,-0.7437856,3,0,0
-0.7179944,-0.1290498,-0.188219,-0.7437856,3,0,0
-0.7179944,-0.1290498,-0.188219,-0.7437856,3,0,0
-0.7179944,-0.1290498,-0.188219,-0.7437856,3,0,0
-0.7179944,-0.1290498,-0.188219,-0.7437856,0,0,0
-0.7201768,-0.1355154,-0.2016788,-0.7437856,0,0,0
-0.7201768,-0.1355154,-0.2016788,-0.7454529,0,0,0
-0.7201768,-0.1355154,-0.2016788,-0.7472313,0,0,0
-0.7201768,-0.1355154,-0.2016788,-0.7472313,0,0,0
-0.7201768,-0.1355154,-0.2016788,-0.7472313,0,0,0
-0.7201768,-0.1355154,-0.2016788,-0.7472313,0,0,0
-0.7201768,-0.1355154,-0.2016788,-0.7472313,0,0,0
-0.7201768,-0.1355154,-0.2016788,-0.7472313,0,0,0
-0.7201768,-0.1355154,-0.2016788,-0.7472313,0,0,0
-0.7201768,-0.1355154,-0.2016788,-0.7472313,0,0,0
-0.7201768,-0.1355154,-0.2016788,-0.7472313,0,0,0
-0.7201768,-0.1355154,-0.2016788,-0.7472313,0,0,0
-0.7201768,-0.1355154,-0.2016788,-0.7472313,1,0,0
-0.7503216,-0.1202374,-0.20693,-0.7472313,1,0,0
-0.7503216,-0.1202374,-0.20693,-0.7491595,1,0,0
-0.7503216,-0.1202374,-0.20693,-0.7508405,1,0,0
-0.7503216,-0.1202374,-0.20693,-0.7508405,1,0,0
-0.7503216,-0.1202374,-0.20693,-0.7508405,1,0,0
-0.7503216,-0.1202374,-0.20693,-0.7508405,1,0,0
-0.7503216,-0.1202374,-0.20693,-0.7508405,1,0,0
-0.7503216,-0.1202374,-0.20693,-0.7508405,1,0,0
-0.7503216,-0.1202374,-0.20693,-0.7508405,1,0,0
-0.7503216,-0.1202374,-0.20693,-0.7508405,1,0,0
-0.7503216,-0.1202374,-0.20693,-0.7508405,1,0,0
-0.7503216,-0.1202374,-0.20693,-0.7508405,3,0,0
-0.7619684,-0.1143181,-0.2077526,-0.7508405,3,0,0
-0.7619684,-0.1143181,-0.2077526,-0.7524481,3,0,0
-0.7619684,-0.1143181,-0.2077526,-0.7539922,3,0,0
-0.7619684,-0.1143181,-0.2077526,-0.7539922,3,0,0
-0.7619684,-0.1143181,-0.2077526,-0.7539922,3,0,0
-0.7619684,-0.1143181,-0.2077526,-0.7539922,3,0,0
-0.7619684,-0.1143181,-0.2077526,-0.7539922,3,0,0
-0.7619684,-0.1143181,-0.2077526,-0.7539922,3,0,0
-0.7619684,-0.1143181,-0.2077526,-0.7539922,3,0,0
-0.7619684,-0.1143181,-0.2077526,-0.7539922,3,0,0
-0.7619684,-0.1143181,-0.2077526,-0.7539922,3,0,0
-0.7619684,-0.1143181,-0.2077526,-0.7539922,4,0,0
-0.7377439,-0.1231935,-0.1874283,-0.7539922,4,0,0
-0.7377439,-0.1231935,-0.1874283,-0.7554745,4,0,0
-0.7377439,-0.1231935,-0.1874283,-0.7569067,4,0,0
-0.7377439,-0.1231935,-0.1874283,-0.7569067,4,0,0
-0.7377439,-0.1231935,-0.1874283,-0.7569067,4,0,0
-0.7377439,-0.1231935,-0.1874283,-0.7569067,4,0,1
-0.7377439,-0.1231935,-0.1874283,-0.7569067,4,0,1
-0.7377439,-0.1231935,-0.1874283,-0.7569067,4,0,1
-0.7377439,-0.1231935,-0.1874283,-0.7569067,4,0,1
-0.7377439,-0.1231935,-0.1874283,-0.7569067,4,0,1
-0.7377439,-0.1231935,-0.1874283,-0.7569067,4,0,1
-0.7377439,-0.1231935,-0.1874283,-0.7569067,5,0,1
-0.7279186,-0.1420205,-0.2023087,-0.7569067,5,0,1
-0.7279186,-0.1420205,-0.2023087,-0.7586053,5,0,1
-0.7279186,-0.1420205,-0.2023087,-0.7601981,5,0,1
-0.7279186,-0.1420205,-0.2023087,-0.7601981,5,0,1
-0.7279186,-0.1420205,-0.2023087,-0.7601981,5,0,1
-0.7279186,-0.1420205,-0.2023087,-0.7601981,5,0,0
-0.7279186,-0.1420205,-0.2023087,-0.7601981,5,0,0
-0.7279186,-0.1420205,-0.2023087,-0.7601981,5,0,0
-0.7279186,-0.1420205,-0.2023087,-0.7601981,5,0,0
-0.7279186,-0.1420205,-0.2023087,-0.7601981,5,0,0
-0.7279186,-0.1420205,-0.2023087,-0.7601981,5,0,0
-0.7279186,-0.1420205,-0.2023087,-0.7601981,0,0,0
-0.7029886,-0.1264559,-0.1952195,-0.7601981,0,0,0
-0.7029886,-0.1264559,-0.1952195,-0.7615932,0,0,0
-0.7029886,-0.1264559,-0.1952195,-0.762987,0,0,0
-0.7029886,-0.1264559,-0.1952195,-0.762987,0,0,0
-0.7029886,-0.1264559,-0.1952195,-0.762987,0,0,0
-0.7029886,-0.1264559,-0.1952195,-0.762987,0,0,0
-0.7029886,-0.1264559,-0.1952195,-0.762987,0,0,0
-0.7029886,-0.1264559,-0.1952195,-0.762987,0,0,0
-0.7029886,-0.1264559,-0.1952195,-0.762987,0,0,0
-0.7029886,-0.1264559,-0.1952195,-0.762987,0,0,0
-0.7029886,-0.1264559,-0.1952195,-0.762987,0,0,0
-0.7029886,-0.1264559,-0.1952195,-0.762987,2,0,0
-0.7203678,-0.1344296,-0.1992312,-0.762987,2,0,0
-0.7203678,-0.1344296,-0.1992312,-0.7644364,2,0,0
-0.7203678,-0.1344296,-0.1992312,-0.7656902,2,0,0
-0.7203678,-0.1344296,-0.1992312,-0.7656902,2,0,0
-0.7203678,-0.1344296,-0.1992312,-0.7656902,2,0,0
-0.7203678,-0.1344296,-0.1992312,-0.7656902,2,0,0
-0.7203678,-0.1344296,-0.1992312,-0.7656902,2,0,0
-0.7203678,-0.1344296,-0.1992312,-0.7656902,2,0,0
-0.7203678,-0.1344296,-0.1992312,-0.7656902,2,0,0
-0.7203678,-0.1344296,-0.1992312,-0.7656902,2,0,0
-0.7203678,-0.1344296,-0.1992312,-0.7656902,2,0,0
-0.7203678,-0.1344296,-0.1992312,-0.7656902,2,0,0
-0.6887534,-0.1489507,-0.1722159,-0.7656902,2,0,0
-0.6887534,-0.1489507,-0.1722159,-0.7666922,2,0,0
-0.6887534,-0.1489507,-0.1722159,-0.7677699,2,0,0
-0.6887534,-0.1489507,-0.1722159,-0.7677699,2,0,0
-0.6887534,-0.1489507,-0.1722159,-0.7677699,2,0,0
-0.6887534,-0.1489507,-0.1722159,-0.7677699,2,0,0
-0.6887534,-0.1489507,-0.1722159,-0.7677699,2,0,0
-0.6887534,-0.1489507,-0.1722159,-0.7677699,2,0,0
-0.6887534,-0.1489507,-0.1722159,-0.7677699,2,0,0
-0.6887534,-0.1489507,-0.1722159,-0.7677699,2,0,0
-0.6887534,-0.1489507,-0.1722159,-0.7677699,2,0,0
-0.6887534,-0.1489507,-0.1722159,-0.7677699,1,0,0
-0.6923956,-0.118474,-0.1535891,-0.7677699,1,0,0
-0.6923956,-0.118474,-0.1535891,-0.7688215,1,0,0
-0.6923956,-0.118474,-0.1535891,-0.770018,1,0,0
-0.6923956,-0.118474,-0.1535891,-0.770018,1,0,0
-0.6923956,-0.118474,-0.1535891,-0.770018,1,0,0
-0.6923956,-0.118474,-0.1535891,-0.770018,1,0,0
-0.6923956,-0.118474,-0.1535891,-0.770018,1,0,0
-0.6923956,-0.118474,-0.1535891,-0.770018,1,0,0
-0.6923956,-0.118474,-0.1535891,-0.770018,1,0,0
-0.6923956,-0.118474,-0.1535891,-0.770018,1,0,0
-0.6923956,-0.118474,-0.1535891,-0.770018,1,0,0
-0.6923956,-0.118474,-0.1535891,-0.770018,0,0,0
-0.6782455,-0.09024413,-0.1660147,-0.770018,0,0,0
-0.6782455,-0.09024413,-0.1660147,-0.7711682,0,0,0
-0.6782455,-0.09024413,-0.1660147,-0.7720374,0,0,0
-0.6782455,-0.09024413,-0.1660147,-0.7720374,0,0,0
-0.6782455,-0.09024413,-0.1660147,-0.7720374,0,0,0
-0.6782455,-0.09024413,-0.1660147,-0.7720374,0,1,0
-0.6782455,-0.09024413,-0.1660147,-0.7720374,0,1,0
-0.6782455,-0.09024413,-0.1660147,-0.7720374,0,1,0
-0.6782455,-0.09024413,-0.1660147,-0.7720374,0,1,0
-0.6782455,-0.09024413,-0.1660147,-0.7720374,0,1,0
-0.6782455,-0.09024413,-0.1660147,-0.7720374,0,1,0
-0.6782455,-0.09024413,-0.1660147,-0.7720374,1,1,0
-0.6944543,-0.0656694,-0.2024521,-0.7720374,1,1,0
-0.6944543,-0.0656694,-0.2024521,-0.7730084,1,1,0
-0.6944543,-0.0656694,-0.2024521,-0.7731579,1,1,0
-0.6944543,-0.0656694,-0.2024521,-0.773375,1,1,0
-0.6944543,-0.0656694,-0.2024521,-0.7735312,1,1,0
-0.6944543,-0.0656694,-0.2024521,-0.7737691,1,1,0
-0.6944543,-0.0656694,-0.2024521,-0.7737691,1,1,0
-0.6944543,-0.0656694,-0.2024521,-0.7737691,1,1,0
-0.6944543,-0.0656694,-0.2024521,-0.7739601,1,1,0
-0.6944543,-0.0656694,-0.2024521,-0.7739601,1,0,0
-0.6944543,-0.0656694,-0.2024521,-0.7739601,1,0,0
-0.6944543,-0.0656694,-0.2024521,-0.7739601,1,0,0
-0.6944543,-0.0656694,-0.2024521,-0.7739601,1,0,0
-0.6944543,-0.0656694,-0.2024521,-0.7742906,1,0,0
-0.6944543,-0.0656694,-0.2024521,-0.7742906,1,0,0
-0.6944543,-0.0656694,-0.2024521,-0.7742906,1,0,0
-0.6944543,-0.0656694,-0.2024521,-0.7742906,2,0,0
-0.6734816,-0.05414898,-0.2056549,-0.7742906,2,0,0
-0.6734816,-0.05414898,-0.2056549,-0.7742906,2,0,0
-0.6734816,-0.05414898,-0.2056549,-0.7742906,2,0,0
-0.6734816,-0.05414898,-0.2056549,-0.7745098,2,0,0
-0.6734816,-0.05414898,-0.2056549,-0.7745098,2,0,1
-0.6734816,-0.05414898,-0.2056549,-0.7745098,2,0,1
-0.6734816,-0.05414898,-0.2056549,-0.7745098,2,0,1
-0.6734816,-0.05414898,-0.2056549,-0.7745098,2,0,1
-0.6734816,-0.05414898,-0.2056549,-0.7745098,2,0,1
-0.6734816,-0.05414898,-0.2056549,-0.7748142,2,0,1
-0.6734816,-0.05414898,-0.2056549,-0.7748142,2,0,1
-0.6734816,-0.05414898,-0.2056549,-0.7748142,2,0,1
-0.6734816,-0.05414898,-0.2056549,-0.7748142,5,0,1
-0.6684173,-0.05625674,-0.2088688,-0.7748142,5,0,1
-0.6684173,-0.05625674,-0.2088688,-0.7748142,5,0,1
-0.6684173,-0.05625674,-0.2088688,-0.7748142,5,0,1
-0.6684173,-0.05625674,-0.2088688,-0.7750408,5,0,1
-0.6684173,-0.05625674,-0.2088688,-0.7750408,5,0,0
-0.6684173,-0.05625674,-0.2088688,-0.7750408,5,0,0
-0.6684173,-0.05625674,-0.2088688,-0.7750408,5,0,0
-0.6684173,-0.05625674,-0.2088688,-0.7750408,5,0,0
-0.6684173,-0.05625674,-0.2088688,-0.7753318,5,0,0
-0.6684173,-0.05625674,-0.2088688,-0.7753318,5,0,0
-0.6684173,-0.05625674,-0.2088688,-0.7753318,5,0,0
-0.6684173,-0.05625674,-0.2088688,-0.7753318,2,0,0
-0.665675,-0.05950313,-0.2073533,-0.7753318,2,0,0
-0.665675,-0.05950313,-0.2073533,-0.7753318,2,0,0
-0.665675,-0.05950313,-0.2073533,-0.7753318,2,0,0
-0.665675,-0.05950313,-0.2073533,-0.7756833,2,0,0
-0.665675,-0.05950313,-0.2073533,-0.7756833,2,0,0
-0.665675,-0.05950313,-0.2073533,-0.7756833,2,0,0
-0.665675,-0.05950313,-0.2073533,-0.7756833,2,0,0
-0.665675,-0.05950313,-0.2073533,-0.7756833,2,0,0
-0.665675,-0.05950313,-0.2073533,-0.7759237,2,0,0
-0.665675,-0.05950313,-0.2073533,-0.7759237,2,0,0
-0.665675,-0.05950313,-0.2073533,-0.7759237,2,0,0
-0.665675,-0.05950313,-0.2073533,-0.7759237,1,0,0
-0.666923,-0.0663589,-0.2090582,-0.7759237,1,0,0
-0.666923,-0.0663589,-0.2090582,-0.7759237,1,0,0
-0.666923,-0.0663589,-0.2090582,-0.7759237,1,0,0
-0.666923,-0.0663589,-0.2090582,-0.7761485,1,0,0
-0.666923,-0.0663589,-0.2090582,-0.7761485,1,0,0
-0.666923,-0.0663589,-0.2090582,-0.7761485,1,0,0
-0.666923,-0.0663589,-0.2090582,-0.7761485,1,0,0
-0.666923,-0.0663589,-0.2090582,-0.7761485,1,0,0
-0.666923,-0.0663589,-0.2090582,-0.7763544,1,0,0
-0.666923,-0.0663589,-0.2090582,-0.7763544,1,0,0
-0.666923,-0.0663589,-0.2090582,-0.7763544,1,0,0
-0.666923,-0.0663589,-0.2090582,-0.7763544,3,0,0
-0.6727386,-0.06657771,-0.2124066,-0.7763544,3,0,0
-0.6727386,-0.06657771,-0.2124066,-0.7765138,3,0,0
-0.6727386,-0.06657771,-0.2124066,-0.7765138,3,0,0
-0.6727386,-0.06657771,-0.2124066,-0.7765138,3,0,0
-0.6727386,-0.06657771,-0.2124066,-0.7765138,3,0,1
-0.6727386,-0.06657771,-0.2124066,-0.7765138,3,0,1
-0.6727386,-0.06657771,-0.2124066,-0.7765138,3,0,1
-0.6727386,-0.06657771,-0.2124066,-0.7765138,3,0,1
-0.6727386,-0.06657771,-0.2124066,-0.7768109,3,0,1
-0.6727386,-0.06657771,-0.2124066,-0.7768109,3,0,1
-0.6727386,-0.06657771,-0.2124066,-0.7768109,3,0,1
-0.6727386,-0.06657771,-0.2124066,-0.7768109,4,0,1
-0.6718127,-0.06829552,-0.2159401,-0.7768109,4,0,1
-0.6718127,-0.06829552,-0.2159401,-0.7768109,4,0,1
-0.6718127,-0.06829552,-0.2159401,-0.7768109,4,0,1
-0.6718127,-0.06829552,-0.2159401,-0.7771771,4,0,1
-0.6718127,-0.06829552,-0.2159401,-0.7771771,4,0,0
-0.6718127,-0.06829552,-0.2159401,-0.7771771,4,0,0
-0.6718127,-0.06829552,-0.2159401,-0.7771771,4,0,0
-0.6718127,-0.06829552,-0.2159401,-0.7771771,4,0,0
-0.6718127,-0.06829552,-0.2159401,-0.7774907,4,0,0
-0.6718127,-0.06829552,-0.2159401,-0.7774907,4,0,0
-0.6718127,-0.06829552,-0.2159401,-0.7774907,4,0,0
-0.6718127,-0.06829552,-0.2159401,-0.7774907,1,0,0
-0.6679211,-0.06997339,-0.2081081,-0.7774907,1,0,0
-0.6679211,-0.06997339,-0.2081081,-0.7774907,1,0,0
-0.6679211,-0.06997339,-0.2081081,-0.7774907,1,0,0
-0.6679211,-0.06997339,-0.2081081,-0.7778037,1,0,0
-0.6679211,-0.06997339,-0.2081081,-0.7778037,1,1,0
-0.6679211,-0.06997339,-0.2081081,-0.7778037,1,1,0
-0.6679211,-0.06997339,-0.2081081,-0.7778037,1,1,0
-0.6679211,-0.06997339,-0.2081081,-0.7778037,1,1,0
-0.6679211,-0.06997339,-0.2081081,-0.7780385,1,1,0
-0.6679211,-0.06997339,-0.2081081,-0.7780385,1,1,0
-0.6679211,-0.06997339,-0.2081081,-0.7780385,1,1,0
-0.6679211,-0.06997339,-0.2081081,-0.7780385,2,1,0
-0.6699492,-0.06937272,-0.2023657,-0.7780385,2,1,0
-0.6699492,-0.06937272,-0.2023657,-0.7780385,2,1,0
-0.6699492,-0.06937272,-0.2023657,-0.7780385,2,1,0
-0.6699492,-0.06937272,-0.2023657,-0.7783545,2,1,0
-0.6699492,-0.06937272,-0.2023657,-0.7783545,2,0,0
-0.6699492,-0.06937272,-0.2023657,-0.7783545,2,0,0
-0.6699492,-0.06937272,-0.2023657,-0.7783545,2,0,0
-0.6699492,-0.06937272,-0.2023657,-0.7783545,2,0,0
-0.6699492,-0.06937272,-0.2023657,-0.7786657,2,0,0
-0.6699492,-0.06937272,-0.2023657,-0.7786657,2,0,0
-0.6699492,-0.06937272,-0.2023657,-0.7786657,2,0,0
-0.6699492,-0.06937272,-0.2023657,-0.7786657,0,0,0
-0.6737012,-0.07722646,-0.2126019,-0.7786657,0,0,0
-0.6737012,-0.07722646,-0.2126019,-0.7786657,0,0,0
-0.6737012,-0.07722646,-0.2126019,-0.7786657,0,0,0
-0.6737012,-0.07722646,-0.2126019,-0.7788996,0,0,0
-0.6737012,-0.07722646,-0.2126019,-0.7788996,0,0,0
-0.6737012,-0.07722646,-0.2126019,-0.7788996,3,0,0
-0.6863617,-0.0821882,-0.2056297,-0.7788996,3,0,0
-0.6863617,-0.0821882,-0.2056297,-0.7791562,3,0,0
-0.6863617,-0.0821882,-0.2056297,-0.7791562,3,0,0
-0.6863617,-0.0821882,-0.2056297,-0.7791562,3,0,0
-0.6863617,-0.0821882,-0.2056297,-0.7791562,3,1,0
-0.6863617,-0.0821882,-0.2056297,-0.7791562,3,1,0
-0.6863617,-0.0821882,-0.2056297,-0.7791562,3,1,0
-0.6863617,-0.0821882,-0.2056297,-0.7791562,3,1,0
-0.6863617,-0.0821882,-0.2056297,-0.779526,3,1,0
-0.6863617,-0.0821882,-0.2056297,-0.779526,3,1,0
-0.6863617,-0.0821882,-0.2056297,-0.779526,3,1,0
-0.6863617,-0.0821882,-0.2056297,-0.779526,4,1,0
-0.6823857,-0.08326133,-0.2039022,-0.779526,4,1,0
-0.6823857,-0.08326133,-0.2039022,-0.779526,4,1,0
-0.6823857,-0.08326133,-0.2039022,-0.779526,4,1,0
-0.6823857,-0.08326133,-0.2039022,-0.7800515,4,1,0
-0.6823857,-0.08326133,-0.2039022,-0.7800515,4,0,1
-0.6823857,-0.08326133,-0.2039022,-0.7800515,4,0,1
-0.6823857,-0.08326133,-0.2039022,-0.7800515,4,0,1
-0.6823857,-0.08326133,-0.2039022,-0.7800515,4,0,1
-0.6823857,-0.08326133,-0.2039022,-0.7805081,4,0,1
-0.6823857,-0.08326133,-0.2039022,-0.7805081,4,0,1
-0.6823857,-0.08326133,-0.2039022,-0.7805081,4,0,1
-0.6823857,-0.08326133,-0.2039022,-0.7805081,2,0,1
-0.6826819,-0.08649115,-0.2007941,-0.7805081,2,0,1
-0.6826819,-0.08649115,-0.2007941,-0.7805081,2,0,1
-0.6826819,-0.08649115,-0.2007941,-0.7805081,2,0,1
-0.6826819,-0.08649115,-0.2007941,-0.7805081,2,0,0
-0.6826819,-0.08649115,-0.2007941,-0.7805081,2,0,0
-0.6826819,-0.08649115,-0.2007941,-0.7805081,2,0,0
-0.6826819,-0.08649115,-0.2007941,-0.7805081,2,0,0
-0.6826819,-0.08649115,-0.2007941,-0.7808816,2,0,0
-0.6826819,-0.08649115,-0.2007941,-0.7808816,2,0,0
-0.6826819,-0.08649115,-0.2007941,-0.7808816,2,0,0
-0.6826819,-0.08649115,-0.2007941,-0.7808816,2,0,0
-0.6826819,-0.08649115,-0.2007941,-0.7808816,5,0,0
-0.6974236,-0.09630854,-0.1994801,-0.7808816,5,0,0
-0.6974236,-0.09630854,-0.1994801,-0.7808816,5,0,0
-0.6974236,-0.09630854,-0.1994801,-0.7808816,5,0,0
-0.6974236,-0.09630854,-0.1994801,-0.7813135,5,0,0
-0.6974236,-0.09630854,-0.1994801,-0.7813135,5,0,0
-0.6974236,-0.09630854,-0.1994801,-0.7813135,5,0,0
-0.6974236,-0.09630854,-0.1994801,-0.7813135,5,0,0
-0.6974236,-0.09630854,-0.1994801,-0.7813135,5,0,0
-0.6974236,-0.09630854,-0.1994801,-0.7817523,5,0,0
-0.6974236,-0.09630854,-0.1994801,-0.7817523,5,0,0
-0.6974236,-0.09630854,-0.1994801,-0.7817523,5,0,0
-0.6974236,-0.09630854,-0.1994801,-0.7817523,5,0,0
-0.6965867,-0.09806881,-0.2040927,-0.7817523,5,0,0
-0.6965867,-0.09806881,-0.2040927,-0.7817523,5,0,0
-0.6965867,-0.09806881,-0.2040927,-0.7817523,5,0,0
-0.6965867,-0.09806881,-0.2040927,-0.7819781,5,0,0
-0.6965867,-0.09806881,-0.2040927,-0.7819781,5,0,0
-0.6965867,-0.09806881,-0.2040927,-0.7819781,5,0,0
-0.6965867,-0.09806881,-0.2040927,-0.7819781,5,0,0
-0.6965867,-0.09806881,-0.2040927,-0.7819781,5,0,0
-0.6965867,-0.09806881,-0.2040927,-0.7819781,5,0,0
-0.6965867,-0.09806881,-0.2040927,-0.7819781,5,0,0
-0.6965867,-0.09806881,-0.2040927,-0.7819781,2,0,0
-0.6909238,-0.09489658,-0.2170899,-0.7819781,2,0,0
-0.6909238,-0.09489658,-0.2170899,-0.7823108,2,0,0
-0.6909238,-0.09489658,-0.2170899,-0.7823108,2,0,0
-0.6909238,-0.09489658,-0.2170899,-0.7823108,2,0,0
-0.6909238,-0.09489658,-0.2170899,-0.7823108,2,0,0
-0.6909238,-0.09489658,-0.2170899,-0.7823108,2,0,0
-0.6909238,-0.09489658,-0.2170899,-0.7823108,2,0,0
-0.6909238,-0.09489658,-0.2170899,-0.7823108,2,0,0
-0.6909238,-0.09489658,-0.2170899,-0.7828268,2,0,0
-0.6909238,-0.09489658,-0.2170899,-0.7828268,2,0,0
-0.6909238,-0.09489658,-0.2170899,-0.7828268,2,0,0
-0.6909238,-0.09489658,-0.2170899,-0.7828268,1,0,0
-0.6801883,-0.1041185,-0.2081293,-0.7828268,1,0,0
-0.6801883,-0.1041185,-0.2081293,-0.7828268,1,0,0
-0.6801883,-0.1041185,-0.2081293,-0.7828268,1,0,0
-0.6801883,-0.1041185,-0.2081293,-0.7833466,1,0,0
-0.6801883,-0.1041185,-0.2081293,-0.7833466,1,1,0
-0.6801883,-0.1041185,-0.2081293,-0.7833466,1,1,0
-0.6801883,-0.1041185,-0.2081293,-0.7833466,1,1,0
-0.6801883,-0.1041185,-0.2081293,-0.7833466,1,1,0
-0.6801883,-0.1041185,-0.2081293,-0.7833466,1,1,0
-0.6801883,-0.1041185,-0.2081293,-0.7833466,1,1,0
-0.6801883,-0.1041185,-0.2081293,-0.7833466,2,1,0
-0.6746905,-0.1000975,-0.2045248,-0.7833466,2,1,0
-0.6746905,-0.1000975,-0.2045248,-0.7838768,2,1,0
-0.6746905,-0.1000975,-0.2045248,-0.7838768,2,1,0
-0.6746905,-0.1000975,-0.2045248,-0.7838768,2,1,0
-0.6746905,-0.1000975,-0.2045248,-0.7838768,2,0,0
-0.6746905,-0.1000975,-0.2045248,-0.7838768,2,0,0
-0.6746905,-0.1000975,-0.2045248,-0.7838768,2,0,0
-0.6746905,-0.1000975,-0.2045248,-0.7838768,2,0,0
-0.6746905,-0.1000975,-0.2045248,-0.7842603,2,0,0
-0.6746905,-0.1000975,-0.2045248,-0.7842603,2,0,0
-0.6746905,-0.1000975,-0.2045248,-0.7842603,2,0,0
-0.6746905,-0.1000975,-0.2045248,-0.7842603,2,0,0
-0.6865485,-0.1005393,-0.2024224,-0.7842603,2,0,0
-0.6865485,-0.1005393,-0.2024224,-0.7842603,2,0,0
-0.6865485,-0.1005393,-0.2024224,-0.7842603,2,0,0
-0.6865485,-0.1005393,-0.2024224,-0.7846308,2,0,0
-0.6865485,-0.1005393,-0.2024224,-0.7846308,2,0,0
-0.6865485,-0.1005393,-0.2024224,-0.7846308,2,0,0
-0.6865485,-0.1005393,-0.2024224,-0.7846308,2,0,0
-0.6865485,-0.1005393,-0.2024224,-0.7846308,2,0,0
-0.6865485,-0.1005393,-0.2024224,-0.7846308,2,0,0
-0.6865485,-0.1005393,-0.2024224,-0.7846308,2,0,0
-0.6865485,-0.1005393,-0.2024224,-0.7846308,2,0,0
-0.6984254,-0.09461733,-0.2048567,-0.7846308,2,0,0
-0.6984254,-0.09461733,-0.2048567,-0.785109,2,0,0
-0.6984254,-0.09461733,-0.2048567,-0.785109,2,0,0
-0.6984254,-0.09461733,-0.2048567,-0.785109,2,0,0
-0.6984254,-0.09461733,-0.2048567,-0.785109,2,0,0
-0.6984254,-0.09461733,-0.2048567,-0.785109,2,0,0
-0.6984254,-0.09461733,-0.2048567,-0.785109,2,0,0
-0.6984254,-0.09461733,-0.2048567,-0.785109,2,0,0
-0.6984254,-0.09461733,-0.2048567,-0.7853925,2,0,0
-0.6984254,-0.09461733,-0.2048567,-0.7853925,2,0,0
-0.6984254,-0.09461733,-0.2048567,-0.7853925,2,0,0
-0.6984254,-0.09461733,-0.2048567,-0.7853925,3,0,0
-0.6800279,-0.1038908,-0.219145,-0.7853925,3,0,0
-0.6800279,-0.1038908,-0.219145,-0.7853925,3,0,0
-0.6800279,-0.1038908,-0.219145,-0.7853925,3,0,0
-0.6800279,-0.1038908,-0.219145,-0.7857352,3,0,0
-0.6800279,-0.1038908,-0.219145,-0.7857352,3,0,0
-0.6800279,-0.1038908,-0.219145,-0.7857352,3,0,0
-0.6800279,-0.1038908,-0.219145,-0.7857352,3,0,0
-0.6800279,-0.1038908,-0.219145,-0.7857352,3,0,0
-0.6800279,-0.1038908,-0.219145,-0.7860734,3,0,0
-0.6800279,-0.1038908,-0.219145,-0.7860734,3,0,0
-0.6800279,-0.1038908,-0.219145,-0.7860734,3,0,0
-0.6800279,-0.1038908,-0.219145,-0.7860734,3,0,0
-0.6787104,-0.1163069,-0.2383584,-0.7860734,3,0,0
-0.6787104,-0.1163069,-0.2383584,-0.7860734,3,0,0
-0.6787104,-0.1163069,-0.2383584,-0.7860734,3,0,0
-0.6787104,-0.1163069,-0.2383584,-0.7860734,3,0,0
-0.6787104,-0.1163069,-0.2383584,-0.7860734,3,0,0
-0.6787104,-0.1163069,-0.2383584,-0.7860734,3,0,0
-0.6787104,-0.1163069,-0.2383584,-0.7864437,3,0,0
-0.6787104,-0.1163069,-0.2383584,-0.7864437,3,0,0
-0.6787104,-0.1163069,-0.2383584,-0.7864437,3,0,0
-0.6787104,-0.1163069,-0.2383584,-0.7864437,3,0,0
-0.6787104,-0.1163069,-0.2383584,-0.7864437,6,0,0
-0.6741499,-0.1067775,-0.2359257,-0.7864437,6,0,0
-0.6741499,-0.1067775,-0.2359257,-0.7868481,6,0,0
-0.6741499,-0.1067775,-0.2359257,-0.7868481,6,0,0
-0.6741499,-0.1067775,-0.2359257,-0.7868481,6,0,0
-0.6741499,-0.1067775,-0.2359257,-0.7868481,6,1,1
-0.6741499,-0.1067775,-0.2359257,-0.7868481,6,1,1
-0.6741499,-0.1067775,-0.2359257,-0.7868481,6,1,1
-0.6741499,-0.1067775,-0.2359257,-0.7868481,6,1,1
-0.6741499,-0.1067775,-0.2359257,-0.7872784,6,1,1
-0.6741499,-0.1067775,-0.2359257,-0.7872784,6,1,1
-0.6741499,-0.1067775,-0.2359257,-0.7872784,6,1,1
-0.6741499,-0.1067775,-0.2359257,-0.7872784,1,1,1
-0.6780314,-0.08962342,-0.2392599,-0.7872784,1,1,1
-0.6780314,-0.08962342,-0.2392599,-0.7872784,1,1,1
-0.6780314,-0.08962342,-0.2392599,-0.7872784,1,1,1
-0.6780314,-0.08962342,-0.2392599,-0.7877011,1,1,1
-0.6780314,-0.08962342,-0.2392599,-0.7877011,1,0,1
-0.6780314,-0.08962342,-0.2392599,-0.7877011,1,0,1
-0.6780314,-0.08962342,-0.2392599,-0.7877011,1,0,1
-0.6780314,-0.08962342,-0.2392599,-0.7877011,1,0,1
-0.6780314,-0.08962342,-0.2392599,-0.7877011,1,0,1
-0.6780314,-0.08962342,-0.2392599,-0.7877011,1,0,1
-0.6780314,-0.08962342,-0.2392599,-0.7877011,1,0,1
-0.6780314,-0.08962342,-0.2392599,-0.7877011,1,0,1
-0.6917992,-0.06626964,-0.2367349,-0.7877011,1,0,1
-0.6917992,-0.06626964,-0.2367349,-0.7882442,1,0,1
-0.6917992,-0.06626964,-0.2367349,-0.7882442,1,0,1
-0.6917992,-0.06626964,-0.2367349,-0.7882442,1,0,1
-0.6917992,-0.06626964,-0.2367349,-0.7882442,1,0,0
-0.6917992,-0.06626964,-0.2367349,-0.7882442,1,0,0
-0.6917992,-0.06626964,-0.2367349,-0.7882442,1,0,0
-0.6917992,-0.06626964,-0.2367349,-0.7882442,1,0,0
-0.6917992,-0.06626964,-0.2367349,-0.7886878,1,0,0
-0.6917992,-0.06626964,-0.2367349,-0.7886878,1,0,0
-0.6917992,-0.06626964,-0.2367349,-0.7886878,1,0,0
-0.6917992,-0.06626964,-0.2367349,-0.7886878,2,0,0
-0.6848797,-0.04403429,-0.2246038,-0.7886878,2,0,0
-0.6848797,-0.04403429,-0.2246038,-0.7890413,2,0,0
-0.6848797,-0.04403429,-0.2246038,-0.7890413,2,0,1
-0.6848797,-0.04403429,-0.2246038,-0.7890413,2,0,1
-0.6848797,-0.04403429,-0.2246038,-0.7890413,2,0,1
-0.6848797,-0.04403429,-0.2246038,-0.7890413,2,0,1
-0.6848797,-0.04403429,-0.2246038,-0.7890413,2,0,1
-0.6848797,-0.04403429,-0.2246038,-0.7890413,2,0,1
-0.6848797,-0.04403429,-0.2246038,-0.789444,2,0,1
-0.6848797,-0.04403429,-0.2246038,-0.789444,2,0,1
-0.6848797,-0.04403429,-0.2246038,-0.789444,2,0,1
-0.6848797,-0.04403429,-0.2246038,-0.789444,3,0,1
-0.6863597,-0.03555499,-0.2105086,-0.789444,3,0,1
-0.6863597,-0.03555499,-0.2105086,-0.789444,3,0,-2
-0.6863597,-0.03555499,-0.2105086,-0.789444,3,0,-2
-0.6863597,-0.03555499,-0.2105086,-0.789444,3,0,-2
-0.6863597,-0.03555499,-0.2105086,-0.7894108,3,0,-2
-0.6863597,-0.03555499,-0.2105086,-0.7894108,3,0,-2
-0.6863597,-0.03555499,-0.2105086,-0.7894108,3,0,-2
-0.6863597,-0.03555499,-0.2105086,-0.7894108,3,0,-2
-0.6863597,-0.03555499,-0.2105086,-0.7894108,3,0,-2
-0.6863597,-0.03555499,-0.2105086,-0.7894108,3,0,-2
-0.6863597,-0.03555499,-0.2105086,-0.7894108,1,0,-2
-0.6946077,-0.0005412325,-0.00325886,-0.7894108,1,0,-2
-0.6946077,-0.0005412325,-0.00325886,-0.7928826,1,0,-2
-0.6946077,-0.0005412325,-0.00325886,-0.7928826,1,2,6
-0.6946077,-0.0005412325,-0.00325886,-0.7928826,1,2,6
-0.6946077,-0.0005412325,-0.00325886,-0.7928826,1,2,6
-0.6946077,-0.0005412325,-0.00325886,-0.7928826,1,2,6
-0.6946077,-0.0005412325,-0.00325886,-0.7928826,1,2,6
-0.6946077,-0.0005412325,-0.00325886,-0.7904557,1,2,6
-0.6946077,-0.0005412325,-0.00325886,-0.7904557,1,2,6
-0.6946077,-0.0005412325,-0.00325886,-0.7904557,1,2,6
-0.6946077,-0.0005412325,-0.00325886,-0.7904557,1,2,6
-0.6946077,-0.0005412325,-0.00325886,-0.7904557,0,2,6
-0.6967566,-6.621828E-05,-0.0003987134,-0.7904557,0,2,6
-0.6967566,-6.621828E-05,-0.0003987134,-0.7907072,0,2,6
-0.6967566,-6.621828E-05,-0.0003987134,-0.7907072,0,-10,-1
-0.6967566,-6.621828E-05,-0.0003987134,-0.7907072,0,-10,-1
-0.6967566,-6.621828E-05,-0.0003987134,-0.7907072,0,-10,-1
-0.6967566,-6.621828E-05,-0.0003987134,-0.7907072,0,-10,-1
-0.6967566,-6.621828E-05,-0.0003987134,-0.7907072,0,-10,-1
-0.6967566,-6.621828E-05,-0.0003987134,-0.7907072,0,-10,-1
-0.6967566,-6.621828E-05,-0.0003987134,-0.792663,0,-10,-1
-0.6967566,-6.621828E-05,-0.0003987134,-0.792663,0,-10,-1
-0.6967566,-6.621828E-05,-0.0003987134,-0.792663,0,-10,-1
-0.6967566,-6.621828E-05,-0.0003987134,-0.792663,2,-10,-1
-0.6844579,-6.621828E-05,-0.0003987134,-0.792663,2,-10,-1
-0.6844579,-6.621828E-05,-0.0003987134,-0.792663,2,-1,-3
-0.6844579,-6.621828E-05,-0.0003987134,-0.792663,2,-1,-3
-0.6844579,-6.621828E-05,-0.0003987134,-0.792663,2,-1,-3
-0.6844579,-6.621828E-05,-0.0003987134,-0.7926289,2,-1,-3
-0.6844579,-6.621828E-05,-0.0003987134,-0.7926289,2,-1,-3
-0.6844579,-6.621828E-05,-0.0003987134,-0.7926289,2,-1,-3
-0.6844579,-6.621828E-05,-0.0003987134,-0.7926289,2,-1,-3
-0.6844579,-6.621828E-05,-0.0003987134,-0.7926289,2,-1,-3
-0.6844579,-6.621828E-05,-0.0003987134,-0.7926289,2,-1,-3
-0.6844579,-6.621828E-05,-0.0003987134,-0.7926289,3,-1,-3
-0.6828341,-6.621828E-05,-0.0003987134,-0.7926289,3,-1,-3
-0.6828341,-6.621828E-05,-0.0003987134,-0.7928948,3,-1,-3
-0.6828341,-6.621828E-05,-0.0003987134,-0.7928948,3,-3,-3
-0.6828341,-6.621828E-05,-0.0003987134,-0.7928948,3,-3,-3
-0.6828341,-6.621828E-05,-0.0003987134,-0.7928948,3,-3,-3
-0.6828341,-6.621828E-05,-0.0003987134,-0.7928948,3,-3,-3
-0.6828341,-6.621828E-05,-0.0003987134,-0.7928948,3,-3,-3
-0.6828341,-6.621828E-05,-0.0003987134,-0.7933595,3,-3,-3
-0.6828341,-6.621828E-05,-0.0003987134,-0.7933595,3,-3,-3
-0.6828341,-6.621828E-05,-0.0003987134,-0.7933595,3,-3,-3
-0.6828341,-6.621828E-05,-0.0003987134,-0.7933595,3,-3,-3
-0.6828341,-6.621828E-05,-0.0003987134,-0.7933595,3,-3,-3
-0.6697026,-6.621828E-05,-0.0003987134,-0.7933595,3,-3,-3
-0.6697026,-6.621828E-05,-0.0003987134,-0.7937577,3,-3,-3
-0.6697026,-6.621828E-05,-0.0003987134,-0.7937577,3,0,-13
-0.6697026,-6.621828E-05,-0.0003987134,-0.7937577,3,0,-13
-0.6697026,-6.621828E-05,-0.0003987134,-0.7937577,3,0,-13
-0.6697026,-6.621828E-05,-0.0003987134,-0.7937577,3,0,-13
-0.6697026,-6.621828E-05,-0.0003987134,-0.7937577,3,0,-13
-0.6697026,-6.621828E-05,-0.0003987134,-0.7937577,3,0,-13
-0.6697026,-6.621828E-05,-0.0003987134,-0.7937865,3,0,-13
-0.6697026,-6.621828E-05,-0.0003987134,-0.7937865,3,0,-13
-0.6697026,-6.621828E-05,-0.0003987134,-0.7937865,3,0,-13
-0.6697026,-6.621828E-05,-0.0003987134,-0.7937865,2,0,-13
-0.6543849,-6.621828E-05,-0.0003987134,-0.7937865,2,0,-13
-0.6543849,-6.621828E-05,-0.0003987134,-0.7937865,2,4,10
-0.6543849,-6.621828E-05,-0.0003987134,-0.7937865,2,4,10
-0.6543849,-6.621828E-05,-0.0003987134,-0.7937865,2,4,10
-0.6543849,-6.621828E-05,-0.0003987134,-0.7941282,2,4,10
-0.6543849,-6.621828E-05,-0.0003987134,-0.7941282,2,4,10
-0.6543849,-6.621828E-05,-0.0003987134,-0.7941282,2,4,10
-0.6543849,-6.621828E-05,-0.0003987134,-0.7941282,2,4,10
-0.6543849,-6.621828E-05,-0.0003987134,-0.7941282,2,4,10
-0.6543849,-6.621828E-05,-0.0003987134,-0.7941282,2,4,10
-0.6543849,-6.621828E-05,-0.0003987134,-0.7941282,3,4,10
-0.6388753,-6.621828E-05,-0.0003987134,-0.7941282,3,4,10
-0.6388753,-6.621828E-05,-0.0003987134,-0.7944906,3,4,10
-0.6388753,-6.621828E-05,-0.0003987134,-0.7944906,3,-4,-7
-0.6388753,-6.621828E-05,-0.0003987134,-0.7944906,3,-4,-7
-0.6388753,-6.621828E-05,-0.0003987134,-0.7944906,3,-4,-7
-0.6388753,-6.621828E-05,-0.0003987134,-0.7947215,3,-4,-7
-0.6388753,-6.621828E-05,-0.0003987134,-0.7947215,3,-4,-7
-0.6388753,-6.621828E-05,-0.0003987134,-0.7947215,3,-4,-7
-0.6388753,-6.621828E-05,-0.0003987134,-0.7947215,3,-4,-7
-0.6388753,-6.621828E-05,-0.0003987134,-0.7947215,3,-4,-7
-0.6388753,-6.621828E-05,-0.0003987134,-0.7947215,3,-4,-7
-0.6388753,-6.621828E-05,-0.0003987134,-0.7947215,2,-4,-7
-0.6153361,-6.621828E-05,-0.0003987134,-0.7947215,2,-4,-7
-0.6153361,-6.621828E-05,-0.0003987134,-0.7939723,2,-4,-7
-0.6153361,-6.621828E-05,-0.0003987134,-0.7939723,2,7,12
-0.6153361,-6.621828E-05,-0.0003987134,-0.7939723,2,7,12
-0.6153361,-6.621828E-05,-0.0003987134,-0.7939723,2,7,12
-0.6153361,-6.621828E-05,-0.0003987134,-0.7939723,2,7,12
-0.6153361,-6.621828E-05,-0.0003987134,-0.7945144,2,7,12
-0.6153361,-6.621828E-05,-0.0003987134,-0.7945144,2,7,12
-0.6153361,-6.621828E-05,-0.0003987134,-0.7945144,2,7,12
-0.6153361,-6.621828E-05,-0.0003987134,-0.7945144,2,7,12
-0.6153361,-6.621828E-05,-0.0003987134,-0.7945144,2,7,12
-0.6153361,-6.621828E-05,-0.0003987134,-0.7945144,0,7,12
-0.5917935,-6.621828E-05,-0.0003987134,-0.7945144,0,7,12
-0.5917935,-6.621828E-05,-0.0003987134,-0.7945144,0,7,12
-0.5917935,-6.621828E-05,-0.0003987134,-0.7945144,0,-11,-4
-0.5917935,-6.621828E-05,-0.0003987134,-0.7945144,0,-11,-4
-0.5917935,-6.621828E-05,-0.0003987134,-0.7945144,0,-11,-4
-0.5917935,-6.621828E-05,-0.0003987134,-0.7948182,0,-11,-4
-0.5917935,-6.621828E-05,-0.0003987134,-0.7948182,0,-11,-4
-0.5917935,-6.621828E-05,-0.0003987134,-0.7948182,0,-11,-4
-0.5917935,-6.621828E-05,-0.0003987134,-0.7948182,0,-11,-4
-0.5917935,-6.621828E-05,-0.0003987134,-0.7948182,0,-11,-4
-0.5917935,-6.621828E-05,-0.0003987134,-0.7948182,1,-11,-4
-0.5651775,-6.621828E-05,-0.0003987134,-0.7948182,1,-11,-4
-0.5651775,-6.621828E-05,-0.0003987134,-0.7948182,1,-11,-4
-0.5651775,-6.621828E-05,-0.0003987134,-0.7957301,1,-11,-4
-0.5651775,-6.621828E-05,-0.0003987134,-0.7957301,1,7,-9
-0.5651775,-6.621828E-05,-0.0003987134,-0.7957301,1,7,-9
-0.5651775,-6.621828E-05,-0.0003987134,-0.7957301,1,7,-9
-0.5651775,-6.621828E-05,-0.0003987134,-0.7946093,1,7,-9
-0.5651775,-6.621828E-05,-0.0003987134,-0.7946093,1,7,-9
-0.5651775,-6.621828E-05,-0.0003987134,-0.7946093,1,7,-9
-0.5651775,-6.621828E-05,-0.0003987134,-0.7946093,2,7,-9
-0.5470968,-6.621828E-05,-0.0003987134,-0.7946093,2,7,-9
-0.5470968,-6.621828E-05,-0.0003987134,-0.7946093,2,7,-9
-0.5470968,-6.621828E-05,-0.0003987134,-0.7946093,2,7,-9
-0.5470968,-6.621828E-05,-0.0003987134,-0.7946093,2,7,-9
-0.5470968,-6.621828E-05,-0.0003987134,-0.7958792,2,7,-9
-0.5470968,-6.621828E-05,-0.0003987134,-0.7958792,2,36,16
-0.5470968,-6.621828E-05,-0.0003987134,-0.7958792,2,36,16
-0.5470968,-6.621828E-05,-0.0003987134,-0.7958792,2,36,16
-0.5470968,-6.621828E-05,-0.0003987134,-0.7939879,2,36,16
-0.5470968,-6.621828E-05,-0.0003987134,-0.7939879,2,36,16
-0.5470968,-6.621828E-05,-0.0003987134,-0.7939879,2,36,16
-0.5470968,-6.621828E-05,-0.0003987134,-0.7939879,4,36,16
-0.5145313,-6.621828E-05,-0.0003987134,-0.7939879,4,36,16
-0.5145313,-6.621828E-05,-0.0003987134,-0.7939879,4,36,16
-0.5145313,-6.621828E-05,-0.0003987134,-0.7939879,4,36,16
-0.5145313,-6.621828E-05,-0.0003987134,-0.7939879,4,36,16
-0.5145313,-6.621828E-05,-0.0003987134,-0.7939879,4,-1,-3
-0.5145313,-6.621828E-05,-0.0003987134,-0.7939879,4,-1,-3
-0.5145313,-6.621828E-05,-0.0003987134,-0.7939879,4,-1,-3
-0.5145313,-6.621828E-05,-0.0003987134,-0.7948243,4,-1,-3
-0.5145313,-6.621828E-05,-0.0003987134,-0.7959612,4,-1,-3
-0.5145313,-6.621828E-05,-0.0003987134,-0.7959612,4,-1,-3
-0.5145313,-6.621828E-05,-0.0003987134,-0.7959612,4,-1,-3
-0.5145313,-6.621828E-05,-0.0003987134,-0.7959612,1,-1,-3
-0.4806297,-6.621828E-05,-0.0003987134,-0.7959612,1,-1,-3
-0.4806297,-6.621828E-05,-0.0003987134,-0.7959612,1,-1,-3
-0.4806297,-6.621828E-05,-0.0003987134,-0.7959612,1,-1,-3
-0.4806297,-6.621828E-05,-0.0003987134,-0.7959612,1,-1,-3
-0.4806297,-6.621828E-05,-0.0003987134,-0.7959612,1,29,15
-0.4806297,-6.621828E-05,-0.0003987134,-0.7959612,1,29,15
-0.4806297,-6.621828E-05,-0.0003987134,-0.7959612,1,29,15
-0.4806297,-6.621828E-05,-0.0003987134,-0.7991726,1,29,15
-0.4806297,-6.621828E-05,-0.0003987134,-0.7991726,1,29,15
-0.4806297,-6.621828E-05,-0.0003987134,-0.7991726,1,29,15
-0.4806297,-6.621828E-05,-0.0003987134,-0.7991726,3,29,15
-0.4685002,-6.621828E-05,-0.0003987134,-0.7991726,3,29,15
-0.4685002,-6.621828E-05,-0.0003987134,-0.7926154,3,29,15
-0.4685002,-6.621828E-05,-0.0003987134,-0.7926154,3,29,15
-0.4685002,-6.621828E-05,-0.0003987134,-0.7926154,3,29,15
-0.4685002,-6.621828E-05,-0.0003987134,-0.7926154,3,29,15
-0.4685002,-6.621828E-05,-0.0003987134,-0.7926154,3,-9,-50
-0.4685002,-6.621828E-05,-0.0003987134,-0.7926154,3,-9,-50
-0.4685002,-6.621828E-05,-0.0003987134,-0.7926154,3,-9,-50
-0.4685002,-6.621828E-05,-0.0003987134,-0.7952877,3,-9,-50
-0.4685002,-6.621828E-05,-0.0003987134,-0.7952877,3,-9,-50
-0.4685002,-6.621828E-05,-0.0003987134,-0.7952877,3,-9,-50
-0.4685002,-6.621828E-05,-0.0003987134,-0.7952877,1,-9,-50
-0.4490907,-6.621828E-05,-0.0003987134,-0.7952877,1,-9,-50
-0.4490907,-6.621828E-05,-0.0003987134,-0.7952877,1,-9,-50
-0.4490907,-6.621828E-05,-0.0003987134,-0.7952877,1,-9,-50
-0.4490907,-6.621828E-05,-0.0003987134,-0.7952877,1,-9,-50
-0.4490907,-6.621828E-05,-0.0003987134,-0.7952877,1,27,46
-0.4490907,-6.621828E-05,-0.0003987134,-0.7952877,1,27,46
-0.4490907,-6.621828E-05,-0.0003987134,-0.7952877,1,27,46
-0.4490907,-6.621828E-05,-0.0003987134,-0.7959133,1,27,46
-0.4490907,-6.621828E-05,-0.0003987134,-0.7959133,1,27,46
-0.4490907,-6.621828E-05,-0.0003987134,-0.7959133,1,27,46
-0.4490907,-6.621828E-05,-0.0003987134,-0.7959133,0,27,46
-0.4594882,-6.621828E-05,-0.0003987134,-0.7959133,0,27,46
-0.4594882,-6.621828E-05,-0.0003987134,-0.7978906,0,27,46
-0.4594882,-6.621828E-05,-0.0003987134,-0.7978906,0,27,46
-0.4594882,-6.621828E-05,-0.0003987134,-0.7978906,0,8,19
-0.4594882,-6.621828E-05,-0.0003987134,-0.7978906,0,8,19
-0.4594882,-6.621828E-05,-0.0003987134,-0.7978906,0,8,19
-0.4594882,-6.621828E-05,-0.0003987134,-0.7978906,0,8,19
-0.4594882,-6.621828E-05,-0.0003987134,-0.7978906,0,8,19
-0.4594882,-6.621828E-05,-0.0003987134,-0.7993379,0,8,19
-0.4594882,-6.621828E-05,-0.0003987134,-0.7993379,0,8,19
-0.4594882,-6.621828E-05,-0.0003987134,-0.7993379,0,8,19
-0.4594882,-6.621828E-05,-0.0003987134,-0.7993379,2,8,19
-0.4459347,-6.621828E-05,-0.0003987134,-0.7993379,2,8,19
-0.4459347,-6.621828E-05,-0.0003987134,-0.7979481,2,8,19
-0.4459347,-6.621828E-05,-0.0003987134,-0.7979481,2,8,19
-0.4459347,-6.621828E-05,-0.0003987134,-0.7979481,2,17,11
-0.4459347,-6.621828E-05,-0.0003987134,-0.7979481,2,17,11
-0.4459347,-6.621828E-05,-0.0003987134,-0.7979481,2,17,11
-0.4459347,-6.621828E-05,-0.0003987134,-0.7979481,2,17,11
-0.4459347,-6.621828E-05,-0.0003987134,-0.7979481,2,17,11
-0.4459347,-6.621828E-05,-0.0003987134,-0.7985389,2,17,11
-0.4459347,-6.621828E-05,-0.0003987134,-0.7985389,2,17,11
-0.4459347,-6.621828E-05,-0.0003987134,-0.7985389,2,17,11
-0.4459347,-6.621828E-05,-0.0003987134,-0.7985389,1,17,11
-0.4366527,-6.621828E-05,-0.0003987134,-0.7985389,1,17,11
-0.4366527,-6.621828E-05,-0.0003987134,-0.7985389,1,17,11
-0.4366527,-6.621828E-05,-0.0003987134,-0.7985389,1,-21,-7
-0.4366527,-6.621828E-05,-0.0003987134,-0.7985389,1,-21,-7
-0.4366527,-6.621828E-05,-0.0003987134,-0.7985389,1,-21,-7
-0.4366527,-6.621828E-05,-0.0003987134,-0.7975799,1,-21,-7
-0.4366527,-6.621828E-05,-0.0003987134,-0.7975799,1,-21,-7
-0.4366527,-6.621828E-05,-0.0003987134,-0.7975799,1,-21,-7
-0.4366527,-6.621828E-05,-0.0003987134,-0.7975799,1,-21,-7
-0.4366527,-6.621828E-05,-0.0003987134,-0.7975799,1,-21,-7
-0.4366527,-6.621828E-05,-0.0003987134,-0.7975799,2,-21,-7
-0.4191035,-6.621828E-05,-0.0003987134,-0.7975799,2,-21,-7
-0.4191035,-6.621828E-05,-0.0003987134,-0.7977222,2,-21,-7
-0.4191035,-6.621828E-05,-0.0003987134,-0.7977222,2,-21,-7
-0.4191035,-6.621828E-05,-0.0003987134,-0.7977222,2,2,2
-0.4191035,-6.621828E-05,-0.0003987134,-0.7977222,2,2,2
-0.4191035,-6.621828E-05,-0.0003987134,-0.7977222,2,2,2
-0.4191035,-6.621828E-05,-0.0003987134,-0.7977222,2,2,2
-0.4191035,-6.621828E-05,-0.0003987134,-0.7977222,2,2,2
-0.4191035,-6.621828E-05,-0.0003987134,-0.7977222,2,2,2
-0.4191035,-6.621828E-05,-0.0003987134,-0.7978829,2,2,2
-0.4191035,-6.621828E-05,-0.0003987134,-0.7978829,2,2,2
-0.4191035,-6.621828E-05,-0.0003987134,-0.7978829,2,2,2
-0.4191035,-6.621828E-05,-0.0003987134,-0.7978829,6,2,2
-0.4030952,0.2451213,-0.5077444,-0.7978829,6,2,2
-0.4030952,0.2451213,-0.5077444,-0.7978829,6,-1,1
-0.4030952,0.2451213,-0.5077444,-0.7978829,6,-1,1
-0.4030952,0.2451213,-0.5077444,-0.7978829,6,-1,1
-0.4030952,0.2451213,-0.5077444,-0.7978829,6,-1,1
-0.4030952,0.2451213,-0.5077444,-0.7979699,6,-1,1
-0.4030952,0.2451213,-0.5077444,-0.7979699,6,-1,1
-0.4030952,0.2451213,-0.5077444,-0.7979699,6,-1,1
-0.4030952,0.2451213,-0.5077444,-0.7979699,6,-1,1
-0.4030952,0.2451213,-0.5077444,-0.7979699,6,-1,1
-0.4030952,0.2451213,-0.5077444,-0.7979699,2,-1,1
-0.3915553,0.2332614,-0.4896176,-0.7979699,2,-1,1
-0.3915553,0.2332614,-0.4896176,-0.7979125,2,-1,1
-0.3915553,0.2332614,-0.4896176,-0.7979125,2,0,0
-0.3915553,0.2332614,-0.4896176,-0.7979125,2,0,0
-0.3915553,0.2332614,-0.4896176,-0.7979125,2,0,0
-0.3915553,0.2332614,-0.4896176,-0.7979125,2,0,0
-0.3915553,0.2332614,-0.4896176,-0.7979125,2,0,0
-0.3915553,0.2332614,-0.4896176,-0.7979125,2,0,0
-0.3915553,0.2332614,-0.4896176,-0.7983791,2,0,0
-0.3915553,0.2332614,-0.4896176,-0.7983791,2,0,0
-0.3915553,0.2332614,-0.4896176,-0.7983791,2,0,0
-0.3915553,0.2332614,-0.4896176,-0.7983791,3,0,0
-0.3979638,0.2396946,-0.4674969,-0.7983791,3,0,0
-0.3979638,0.2396946,-0.4674969,-0.7983791,3,0,0
-0.3979638,0.2396946,-0.4674969,-0.7983791,3,0,0
-0.3979638,0.2396946,-0.4674969,-0.7983791,3,0,0
-0.3979638,0.2396946,-0.4674969,-0.7983791,3,0,0
-0.3979638,0.2396946,-0.4674969,-0.7987154,3,0,0
-0.3979638,0.2396946,-0.4674969,-0.7987154,3,0,0
-0.3979638,0.2396946,-0.4674969,-0.7987154,3,0,0
-0.3979638,0.2396946,-0.4674969,-0.7987154,3,0,0
-0.3979638,0.2396946,-0.4674969,-0.7987154,3,0,0
-0.3979638,0.2396946,-0.4674969,-0.7987154,2,0,0
-0.411712,0.2452913,-0.4487189,-0.7987154,2,0,0
-0.411712,0.2452913,-0.4487189,-0.7991771,2,0,0
-0.411712,0.2452913,-0.4487189,-0.7991771,2,1,0
-0.411712,0.2452913,-0.4487189,-0.7991771,2,1,0
-0.411712,0.2452913,-0.4487189,-0.7991771,2,1,0
-0.411712,0.2452913,-0.4487189,-0.7991771,2,1,0
-0.411712,0.2452913,-0.4487189,-0.7991771,2,1,0
-0.411712,0.2452913,-0.4487189,-0.7991771,2,1,0
-0.411712,0.2452913,-0.4487189,-0.7995521,2,1,0
-0.411712,0.2452913,-0.4487189,-0.7995521,2,1,0
-0.411712,0.2452913,-0.4487189,-0.7995521,2,1,0
-0.411712,0.2452913,-0.4487189,-0.7995521,4,1,0
-0.429046,0.2448081,-0.424046,-0.7995521,4,1,0
-0.429046,0.2448081,-0.424046,-0.7995521,4,0,0
-0.429046,0.2448081,-0.424046,-0.7995521,4,0,0
-0.429046,0.2448081,-0.424046,-0.7995521,4,0,0
-0.429046,0.2448081,-0.424046,-0.7995521,4,0,0
-0.429046,0.2448081,-0.424046,-0.7998978,4,0,0
-0.429046,0.2448081,-0.424046,-0.7998978,4,0,0
-0.429046,0.2448081,-0.424046,-0.7998978,4,0,0
-0.429046,0.2448081,-0.424046,-0.7998978,4,0,0
-0.429046,0.2448081,-0.424046,-0.7998978,4,0,0
-0.429046,0.2448081,-0.424046,-0.7998978,3,0,0
-0.4435288,0.2490663,-0.4201858,-0.7998978,3,0,0
-0.4435288,0.2490663,-0.4201858,-0.7998978,3,0,1
-0.4435288,0.2490663,-0.4201858,-0.7998978,3,0,1
-0.4435288,0.2490663,-0.4201858,-0.7998978,3,0,1
-0.4435288,0.2490663,-0.4201858,-0.8003,3,0,1
-0.4435288,0.2490663,-0.4201858,-0.8003,3,0,1
-0.4435288,0.2490663,-0.4201858,-0.8003,3,0,1
-0.4435288,0.2490663,-0.4201858,-0.8003,3,0,1
-0.4435288,0.2490663,-0.4201858,-0.8005305,3,0,1
-0.4435288,0.2490663,-0.4201858,-0.8005305,3,0,1
-0.4435288,0.2490663,-0.4201858,-0.8005305,3,0,1
-0.4435288,0.2490663,-0.4201858,-0.8005305,2,0,1
-0.440088,0.2508399,-0.410147,-0.8005305,2,0,1
-0.440088,0.2508399,-0.410147,-0.8005305,2,0,0
-0.440088,0.2508399,-0.410147,-0.8005305,2,0,0
-0.440088,0.2508399,-0.410147,-0.8005305,2,0,0
-0.440088,0.2508399,-0.410147,-0.8005305,2,0,0
-0.440088,0.2508399,-0.410147,-0.80077,2,0,0
-0.440088,0.2508399,-0.410147,-0.80077,2,0,0
-0.440088,0.2508399,-0.410147,-0.80077,2,0,0
-0.440088,0.2508399,-0.410147,-0.80077,2,0,0
-0.440088,0.2508399,-0.410147,-0.80077,2,0,0
-0.440088,0.2508399,-0.410147,-0.80077,1,0,0
-0.440755,0.243653,-0.407161,-0.80077,1,0,0
-0.440755,0.243653,-0.407161,-0.8010817,1,0,0
-0.440755,0.243653,-0.407161,-0.8010817,1,1,0
-0.440755,0.243653,-0.407161,-0.8010817,1,1,0
-0.440755,0.243653,-0.407161,-0.8010817,1,1,0
-0.440755,0.243653,-0.407161,-0.8010817,1,1,0
-0.440755,0.243653,-0.407161,-0.8010817,1,1,0
-0.440755,0.243653,-0.407161,-0.8010817,1,1,0
-0.440755,0.243653,-0.407161,-0.8012359,1,1,0
-0.440755,0.243653,-0.407161,-0.8012359,1,1,0
-0.440755,0.243653,-0.407161,-0.8012359,1,1,0
-0.440755,0.243653,-0.407161,-0.8012359,6,1,0
-0.4466307,0.2447147,-0.3986848,-0.8012359,6,1,0
-0.4466307,0.2447147,-0.3986848,-0.8012359,6,0,0
-0.4466307,0.2447147,-0.3986848,-0.8012359,6,0,0
-0.4466307,0.2447147,-0.3986848,-0.8012359,6,0,0
-0.4466307,0.2447147,-0.3986848,-0.8014659,6,0,0
-0.4466307,0.2447147,-0.3986848,-0.8014659,6,0,0
-0.4466307,0.2447147,-0.3986848,-0.8014659,6,0,0
-0.4466307,0.2447147,-0.3986848,-0.8014659,6,0,0
-0.4466307,0.2447147,-0.3986848,-0.8016655,6,0,0
-0.4466307,0.2447147,-0.3986848,-0.8016655,6,0,0
-0.4466307,0.2447147,-0.3986848,-0.8016655,6,0,0
-0.4466307,0.2447147,-0.3986848,-0.8016655,3,0,0
-0.4499333,0.2421051,-0.3886862,-0.8016655,3,0,0
