13,28,-722.95,19,10,5
13,28,-722.95,19,10,5
13,28,-722.95,19,10,5
13,28,-722.95,19,10,5
13,28,-722.95,19,10,5
13,28,-722.95,19,10,5
13,28,-722.95,19,10,5
13,28,-722.95,19,10,5
13,28,-722.95,19,10,5
14,28,-722.95,19,10,5
14,28,-722.95,19,10,5
14,27,-722.95,19,10,5
14,27,-722.95,19,10,5
14,27,-722.95,19,10,5
14,27,-722.949,19,10,5
14,27,-722.95,19,10,5
14,27,-722.95,19,10,5
14,27,-722.95,19,10,5
14,27,-722.95,19,10,5
14,27,-722.95,19,10,5
14,27,-722.95,19,10,5
14,27,-722.95,19,10,5
14,27,-722.95,19,10,5
14,26,-722.95,19,10,5
14,26,-722.95,19,10,5
14,26,-722.95,19,10,5
14,26,-722.95,19,10,5
14,26,-722.949,19,10,5
14,26,-722.949,19,10,5
14,26,-722.949,19,10,5
14,26,-722.949,19,10,5
14,26,-722.949,19,10,5
14,26,-722.949,19,10,5
14,26,-722.949,19,10,5
14,26,-722.949,19,10,5
14,26,-722.949,19,10,5
14,26,-722.949,19,10,5
13,26,-722.949,19,10,5
13,26,-722.949,19,10,5
13,26,-722.949,19,10,5
13,25,-722.949,19,10,5
13,25,-722.949,19,10,5
13,25,-722.949,19,10,5
13,25,-722.949,19,10,5
13,25,-722.949,19,10,5
13,25,-722.949,19,10,5
13,25,-722.949,19,10,5
13,24,-722.949,19,10,5
13,24,-722.949,19,10,5
13,24,-722.949,19,10,5
13,24,-722.949,19,10,5
13,24,-722.949,19,10,5
13,23,-722.949,19,10,5
13,23,-722.949,19,10,5
13,23,-722.949,19,10,5
13,23,-722.949,19,10,5
13,23,-722.949,19,10,5
13,22,-722.949,19,10,5
13,22,-722.949,19,10,5
13,22,-722.949,19,10,5
13,22,-722.949,19,10,5
12,21,-722.949,19,10,5
12,21,-722.949,19,10,5
12,21,-722.949,19,10,5
12,21,-722.949,19,10,5
12,20,-722.949,19,10,5
12,20,-722.949,19,10,5
12,20,-722.949,19,10,5
12,20,-722.949,19,10,5
12,20,-722.949,19,10,5
12,19,-722.949,19,10,5
12,19,-722.949,19,10,5
12,19,-722.949,19,10,5
12,19,-722.949,19,10,5
12,19,-722.949,19,10,5
12,19,-722.949,19,10,5
11,18,-722.949,19,10,5
11,18,-722.949,19,10,5
11,18,-722.949,19,10,5
11,18,-722.949,19,10,5
11,18,-722.949,19,10,5
11,18,-722.949,19,10,5
11,17,-722.949,19,10,5
11,17,-722.949,19,10,5
11,17,-722.949,19,10,5
11,17,-722.949,19,10,5
11,17,-722.949,19,10,5
11,16,-722.949,19,10,5
11,16,-722.949,19,10,5
11,16,-722.949,19,10,5
11,16,-722.949,19,10,5
11,15,-722.95,19,10,5
11,15,-722.95,19,10,5
11,15,-722.95,19,10,5
11,15,-722.95,19,10,5
11,15,-722.95,19,10,5
11,15,-722.95,19,10,5
11,14,-722.95,19,10,5
11,14,-722.95,19,10,5
11,14,-722.95,19,10,5
11,14,-722.95,19,10,5
11,14,-722.95,19,10,5
11,14,-722.95,19,10,5
11,14,-722.95,19,10,5
11,14,-722.95,19,10,5
10,14,-722.95,19,10,5
10,14,-722.95,19,10,5
10,14,-722.95,19,10,5
10,14,-722.95,19,10,5
10,14,-722.95,19,10,5
10,14,-722.95,19,10,5
10,14,-722.95,19,10,5
10,14,-722.95,19,10,5
10,14,-722.95,19,10,5
10,14,-722.95,19,10,5
9,14,-722.95,19,10,5
9,14,-722.95,19,10,5
9,14,-722.95,19,10,5
9,14,-722.95,19,10,5
9,14,-722.95,19,10,5
8,14,-722.95,19,10,5
8,15,-722.95,19,10,5
8,15,-722.95,19,10,5
8,15,-722.95,19,10,5
7,15,-722.95,19,10,5
7,15,-722.95,19,10,5
7,15,-722.95,19,10,5
6,15,-722.95,19,10,5
6,15,-722.95,19,10,5
6,15,-722.95,19,10,5
6,15,-722.95,19,10,5
5,15,-722.95,19,10,5
5,15,-722.95,19,10,5
5,15,-722.95,19,10,5
5,15,-722.95,19,10,5
5,15,-722.95,19,10,5
4,15,-722.95,19,10,5
4,15,-722.95,19,10,5
4,15,-722.95,19,10,5
4,15,-722.95,19,10,5
4,15,-722.95,19,10,5
3,15,-722.95,19,10,5
3,15,-722.95,19,10,5
3,15,-722.95,19,10,5
3,14,-722.95,19,10,5
3,14,-722.95,19,10,5
3,14,-722.95,19,10,5
2,14,-722.95,19,10,5
2,14,-722.95,19,10,5
2,14,-722.95,19,10,5
2,14,-722.95,19,10,5
2,14,-722.95,19,10,5
2,14,-722.95,19,10,5
2,14,-722.95,19,10,5
2,14,-722.95,19,10,5
2,14,-722.95,19,10,5
2,14,-722.95,19,10,5
3,15,-722.95,19,10,5
3,15,-722.95,19,10,5
3,15,-722.95,19,10,5
3,15,-722.95,19,10,5
3,15,-722.95,19,10,5
3,15,-722.95,19,10,5
3,15,-722.95,19,10,5
4,16,-722.95,19,10,5
4,16,-722.95,19,10,5
4,16,-722.95,19,10,5
4,16,-722.95,19,10,5
4,17,-722.95,19,10,5
4,17,-722.95,19,10,5
5,17,-722.95,19,10,5
5,17,-722.95,19,10,5
5,17,-722.95,19,10,5
5,18,-722.95,19,10,5
5,18,-722.95,19,10,5
5,18,-722.95,19,10,5
5,18,-722.95,19,10,5
5,18,-722.95,19,10,5
6,19,-722.95,19,10,5
6,19,-722.95,19,10,5
6,19,-722.95,19,10,5
6,19,-722.95,19,10,5
6,20,-722.95,19,10,5
6,20,-722.95,19,10,5
6,20,-722.95,19,10,5
7,20,-722.95,19,10,5
7,20,-722.95,19,10,5
7,21,-722.95,19,10,5
7,21,-722.95,19,10,5
7,21,-722.95,19,10,5
7,21,-722.95,19,10,5
7,21,-722.95,19,10,5
8,21,-722.95,19,10,5
8,22,-722.95,19,10,5
8,22,-722.95,19,10,5
8,22,-722.95,19,10,5
8,22,-722.95,19,10,5
8,22,-722.95,19,10,5
8,22,-722.95,19,10,5
8,22,-722.95,19,10,5
8,22,-722.95,19,10,5
8,22,-722.95,19,10,5
8,22,-722.95,19,10,5
8,22,-722.95,19,10,5
8,22,-722.95,19,10,5
8,22,-722.95,19,10,5
8,22,-722.95,19,10,5
9,22,-722.95,19,10,5
9,22,-722.95,19,10,5
9,22,-722.95,19,10,5
9,22,-722.95,19,10,5
9,22,-722.95,19,10,5
9,22,-722.95,19,10,5
9,22,-722.95,19,10,5
9,21,-722.95,19,10,5
9,21,-722.95,19,10,5
9,21,-722.95,19,10,5
9,21,-722.95,19,10,5
9,21,-722.95,19,10,5
9,21,-722.95,19,10,5
10,20,-722.95,19,10,5
10,20,-722.95,19,10,5
10,20,-722.95,19,10,5
10,20,-722.95,19,10,5
10,20,-722.95,19,10,5
10,20,-722.95,19,10,5
10,20,-722.95,19,10,5
10,20,-722.95,19,10,5
11,20,-722.95,19,10,5
11,20,-722.95,19,10,5
11,20,-722.95,19,10,5
11,20,-722.95,19,10,5
11,20,-722.95,19,10,5
11,20,-722.95,19,10,5
12,20,-722.95,19,10,5
12,20,-722.95,19,10,5
12,20,-722.95,19,10,5
12,20,-722.95,19,10,5
12,21,-722.95,19,10,5
13,21,-722.95,19,10,5
13,21,-722.95,19,10,5
13,21,-722.95,19,10,5
13,21,-722.95,19,10,5
13,21,-722.95,19,10,5
13,21,-722.95,19,10,5
13,22,-722.95,19,10,5
14,22,-722.95,19,10,5
14,22,-722.95,19,10,5
14,22,-722.95,19,10,5
14,22,-722.95,19,10,5
14,22,-722.95,19,10,5
14,22,-722.95,19,10,5
14,22,-722.95,19,10,5
14,23,-722.95,19,10,5
14,23,-722.95,19,10,5
14,23,-722.95,19,10,5
14,23,-722.95,19,10,5
14,23,-722.95,19,10,5
14,23,-722.95,19,10,5
14,23,-722.95,19,10,5
14,24,-722.95,19,10,5
14,24,-722.95,19,10,5
14,24,-722.95,19,10,5
14,24,-722.95,19,10,5
14,24,-722.95,19,10,5
14,24,-722.95,19,10,5
14,24,-722.95,19,10,5
6,22,-722.95,19,10,5
6,22,-722.95,19,10,5
6,22,-722.95,19,10,5
6,22,-722.95,19,10,5
6,22,-722.95,19,10,5
6,22,-722.95,19,10,5
6,22,-722.951,19,10,5
6,22,-722.951,19,10,5
6,22,-722.951,19,10,5
6,22,-722.951,19,10,5
6,22,-722.951,19,10,5
6,22,-722.951,19,10,5
6,22,-722.951,19,10,5
6,22,-722.951,19,10,5
6,22,-722.951,19,10,5
6,22,-722.951,19,10,5
6,22,-722.951,19,10,5
6,22,-722.951,19,10,5
6,21,-722.951,19,10,5
6,21,-722.951,19,10,5
6,21,-722.951,19,10,5
6,21,-722.951,19,10,5
6,21,-722.951,19,10,5
6,21,-722.951,19,10,5
6,21,-722.951,19,10,5
7,20,-722.951,19,10,5
7,20,-722.951,19,10,5
7,20,-722.951,19,10,5
7,20,-722.951,19,10,5
8,20,-722.951,19,10,5
8,19,-722.951,19,10,5
8,19,-722.951,19,10,5
8,19,-722.95,19,10,5
9,18,-722.951,19,10,5
9,18,-722.95,19,10,5
9,18,-722.951,19,10,5
10,17,-722.951,19,10,5
10,17,-722.951,19,10,5
10,16,-722.951,19,10,5
11,16,-722.951,19,10,5
11,15,-722.951,19,10,5
11,15,-722.951,19,10,5
12,14,-722.951,19,10,5
12,14,-722.951,19,10,5
13,13,-722.951,19,10,5
13,13,-722.951,19,10,5
14,12,-722.951,19,10,5
14,11,-722.951,19,10,5
15,11,-722.951,19,10,5
15,10,-722.951,19,10,5
16,9,-722.951,19,10,5
16,9,-722.951,19,10,5
17,8,-722.951,19,10,5
18,7,-722.951,19,10,5
18,7,-722.951,19,10,5
19,6,-722.951,19,10,5
20,5,-722.951,19,10,5
20,4,-722.951,19,10,5
21,3,-722.951,19,10,5
22,2,-722.951,19,10,5
23,2,-722.951,19,10,5
24,1,-722.951,19,10,5
25,0,-722.951,19,10,5
26,0,-722.951,19,10,5
26,-1,-722.951,19,10,5
27,-2,-722.951,19,10,5
28,-3,-722.951,19,10,5
29,-4,-722.951,19,10,5
30,-6,-722.951,19,10,5
31,-7,-722.951,19,10,5
32,-8,-722.951,19,10,5
34,-9,-722.951,19,10,5
35,-10,-722.951,19,10,5
36,-12,-722.951,19,10,5
37,-13,-722.951,19,10,5
38,-14,-722.951,19,10,5
39,-16,-722.951,19,10,5
40,-17,-722.951,19,10,5
42,-18,-722.951,19,10,5
43,-20,-722.951,19,10,5
44,-21,-722.951,19,10,5
45,-23,-722.951,19,10,5
46,-24,-722.951,19,10,5
48,-26,-722.951,19,10,5
49,-27,-722.951,19,10,5
50,-29,-722.951,19,10,5
52,-30,-722.951,19,10,5
53,-32,-722.951,19,10,5
54,-33,-722.951,19,10,5
56,-35,-722.951,19,10,5
57,-37,-722.951,19,10,5
59,-38,-722.951,19,10,5
60,-40,-722.951,19,10,5
61,-41,-722.951,19,10,5
63,-43,-722.951,19,10,5
64,-45,-722.951,19,10,5
66,-46,-722.951,19,10,5
67,-48,-722.951,19,10,5
68,-50,-722.951,19,10,5
70,-52,-722.951,19,10,5
71,-53,-722.951,19,10,5
73,-55,-722.951,19,10,5
74,-57,-722.952,19,10,5
75,-59,-722.952,19,10,5
77,-61,-722.952,19,10,5
78,-62,-722.952,19,10,5
79,-64,-722.952,19,10,5
81,-66,-722.952,19,10,5
82,-68,-722.952,19,10,5
83,-70,-722.952,19,10,5
85,-71,-722.952,19,10,5
86,-73,-722.952,19,10,5
87,-75,-722.952,19,10,5
89,-77,-722.952,19,10,5
90,-79,-722.952,19,10,5
91,-81,-722.953,19,10,5
92,-83,-722.953,19,10,5
94,-85,-722.953,19,10,5
95,-87,-722.953,19,10,5
97,-88,-722.953,19,10,5
98,-90,-722.953,19,10,5
99,-92,-722.953,19,10,5
101,-94,-722.953,19,10,5
102,-96,-722.953,19,10,5
104,-98,-722.953,19,10,5
105,-100,-722.953,19,10,5
106,-102,-722.953,19,10,5
108,-104,-722.953,19,10,5
109,-106,-722.954,19,10,5
111,-108,-722.954,19,10,5
112,-110,-722.954,19,10,5
114,-112,-722.954,19,10,5
115,-114,-722.954,19,10,5
117,-116,-722.954,19,10,5
118,-118,-722.954,19,10,5
120,-120,-722.954,19,10,5
121,-122,-722.954,19,10,5
122,-124,-722.954,19,10,5
124,-126,-722.955,19,10,5
125,-128,-722.955,19,10,5
127,-129,-722.955,19,10,5
128,-131,-722.955,19,10,5
130,-133,-722.955,19,10,5
131,-135,-722.955,19,10,5
133,-137,-722.955,19,10,5
134,-139,-722.955,19,10,5
136,-141,-722.956,19,10,5
137,-143,-722.956,19,10,5
139,-145,-722.956,19,10,5
141,-147,-722.956,19,10,5
142,-149,-722.956,19,10,5
144,-151,-722.956,19,10,5
146,-153,-722.956,19,10,5
147,-155,-722.957,19,10,5
149,-157,-722.957,19,10,5
151,-159,-722.957,19,10,5
153,-162,-722.957,19,10,5
154,-164,-722.957,19,10,5
156,-166,-722.957,19,10,5
158,-168,-722.957,19,10,5
159,-170,-722.957,19,10,5
161,-173,-722.958,19,10,5
163,-175,-722.958,19,10,5
165,-177,-722.958,19,10,5
166,-179,-722.958,19,10,5
168,-182,-722.958,19,10,5
170,-184,-722.958,19,10,5
172,-186,-722.959,19,10,5
174,-188,-722.959,19,10,5
175,-191,-722.959,19,10,5
177,-193,-722.959,19,10,5
179,-195,-722.959,19,10,5
180,-197,-722.96,19,10,5
182,-200,-722.96,19,10,5
184,-202,-722.96,19,10,5
186,-204,-722.96,19,10,5
187,-207,-722.96,19,10,5
189,-209,-722.961,19,10,5
191,-211,-722.961,19,10,5
192,-213,-722.961,19,10,5
194,-216,-722.961,19,10,5
196,-218,-722.961,19,10,5
197,-220,-722.961,19,10,5
199,-222,-722.962,19,10,5
201,-224,-722.962,19,10,5
202,-227,-722.962,19,10,5
204,-229,-722.962,19,10,5
205,-231,-722.962,19,10,5
207,-233,-722.963,19,10,5
208,-235,-722.963,19,10,5
210,-238,-722.963,19,10,5
211,-240,-722.963,19,10,5
213,-242,-722.964,19,10,5
214,-244,-722.964,19,10,5
216,-246,-722.964,19,10,5
217,-249,-722.964,19,10,5
219,-251,-722.965,19,10,5
221,-253,-722.965,19,10,5
222,-255,-722.965,19,10,5
224,-257,-722.965,19,10,5
225,-259,-722.966,19,10,5
227,-262,-722.966,19,10,5
229,-264,-722.966,19,10,5
230,-266,-722.966,19,10,5
232,-268,-722.966,19,10,5
234,-270,-722.967,19,10,5
235,-272,-722.967,19,10,5
237,-274,-722.967,19,10,5
239,-277,-722.967,19,10,5
240,-279,-722.968,19,10,5
242,-281,-722.968,19,10,5
244,-283,-722.968,19,10,5
246,-285,-722.968,19,10,5
247,-287,-722.968,19,10,5
249,-289,-722.969,19,10,5
251,-291,-722.969,19,10,5
253,-293,-722.969,19,10,5
254,-295,-722.969,19,10,5
256,-297,-722.97,19,10,5
258,-299,-722.97,19,10,5
260,-301,-722.97,19,10,5
261,-303,-722.971,19,10,5
263,-306,-722.971,19,10,5
265,-308,-722.971,19,10,5
266,-309,-722.971,19,10,5
268,-311,-722.972,19,10,5
270,-313,-722.972,19,10,5
271,-315,-722.972,19,10,5
273,-317,-722.972,19,10,5
274,-319,-722.973,19,10,5
276,-321,-722.973,19,10,5
277,-323,-722.973,19,10,5
279,-324,-722.973,19,10,5
280,-326,-722.973,19,10,5
281,-328,-722.974,19,10,5
283,-330,-722.974,19,10,5
284,-332,-722.974,19,10,5
285,-333,-722.974,19,10,5
287,-335,-722.975,19,10,5
288,-337,-722.975,19,10,5
289,-338,-722.975,19,10,5
291,-340,-722.975,19,10,5
292,-342,-722.975,19,10,5
293,-343,-722.976,19,10,5
294,-345,-722.976,19,10,5
296,-347,-722.976,19,10,5
297,-348,-722.976,19,10,5
298,-350,-722.977,19,10,5
299,-352,-722.977,19,10,5
300,-354,-722.977,19,10,5
301,-355,-722.978,19,10,5
302,-357,-722.978,19,10,5
304,-358,-722.978,19,10,5
305,-360,-722.978,19,10,5
306,-362,-722.979,19,10,5
307,-363,-722.979,19,10,5
308,-365,-722.979,19,10,5
309,-366,-722.979,19,10,5
310,-368,-722.979,19,10,5
311,-370,-722.979,19,10,5
312,-371,-722.98,19,10,5
313,-373,-722.98,19,10,5
314,-374,-722.98,19,10,5
315,-376,-722.98,19,10,5
316,-377,-722.981,19,10,5
317,-378,-722.981,19,10,5
318,-380,-722.981,19,10,5
319,-381,-722.981,19,10,5
320,-383,-722.981,19,10,5
321,-384,-722.982,19,10,5
322,-386,-722.982,19,10,5
323,-387,-722.982,19,10,5
323,-389,-722.982,19,10,5
324,-390,-722.982,19,10,5
325,-392,-722.983,19,10,5
326,-393,-722.983,19,10,5
327,-394,-722.983,19,10,5
327,-396,-722.983,19,10,5
328,-397,-722.983,19,10,5
329,-398,-722.984,19,10,5
330,-400,-722.984,19,10,5
331,-401,-722.984,19,10,5
331,-402,-722.984,19,10,5
332,-404,-722.984,19,10,5
333,-405,-722.985,19,10,5
334,-406,-722.985,19,10,5
334,-407,-722.985,19,10,5
335,-409,-722.985,19,10,5
336,-410,-722.985,19,10,5
337,-411,-722.985,19,10,5
337,-412,-722.986,19,10,5
338,-413,-722.986,19,10,5
339,-414,-722.986,19,10,5
340,-415,-722.986,19,10,5
340,-416,-722.986,19,10,5
341,-417,-722.986,19,10,5
342,-418,-722.986,19,10,5
343,-419,-722.987,19,10,5
343,-420,-722.987,19,10,5
344,-421,-722.987,19,10,5
345,-422,-722.987,19,10,5
345,-423,-722.987,19,10,5
346,-424,-722.987,19,10,5
347,-425,-722.987,19,10,5
348,-425,-722.988,19,10,5
348,-426,-722.988,19,10,5
349,-427,-722.988,19,10,5
350,-428,-722.988,19,10,5
350,-429,-722.988,19,10,5
351,-430,-722.988,19,10,5
352,-430,-722.988,19,10,5
352,-431,-722.989,19,10,5
353,-432,-722.989,19,10,5
353,-433,-722.989,19,10,5
354,-433,-722.989,19,10,5
355,-434,-722.989,19,10,5
355,-435,-722.989,19,10,5
356,-436,-722.989,19,10,5
356,-436,-722.989,19,10,5
357,-437,-722.99,19,10,5
357,-438,-722.99,19,10,5
358,-438,-722.99,19,10,5
358,-439,-722.99,19,10,5
359,-440,-722.99,19,10,5
359,-441,-722.99,19,10,5
360,-441,-722.99,19,10,5
360,-442,-722.99,19,10,5
361,-443,-722.99,19,10,5
361,-443,-722.991,19,10,5
362,-444,-722.991,19,10,5
362,-445,-722.991,19,10,5
363,-446,-722.991,19,10,5
363,-446,-722.991,19,10,5
364,-447,-722.991,19,10,5
364,-448,-722.991,19,10,5
364,-449,-722.991,19,10,5
365,-449,-722.991,19,10,5
365,-450,-722.991,19,10,5
366,-451,-722.991,19,10,5
366,-451,-722.992,19,10,5
366,-452,-722.992,19,10,5
367,-453,-722.992,19,10,5
367,-453,-722.992,19,10,5
368,-454,-722.992,19,10,5
368,-455,-722.992,19,10,5
368,-455,-722.992,19,10,5
369,-456,-722.992,19,10,5
369,-456,-722.992,19,10,5
370,-457,-722.992,19,10,5
370,-457,-722.992,19,10,5
371,-458,-722.992,19,10,5
371,-458,-722.992,19,10,5
372,-459,-722.992,19,10,5
372,-459,-722.993,19,10,5
372,-460,-722.993,19,10,5
373,-460,-722.993,19,10,5
373,-461,-722.993,19,10,5
374,-461,-722.993,19,10,5
374,-461,-722.993,19,10,5
375,-462,-722.993,19,10,5
376,-462,-722.993,19,10,5
376,-462,-722.993,19,10,5
376,-463,-722.993,19,10,5
377,-463,-722.993,19,10,5
377,-463,-722.993,19,10,5
378,-464,-722.993,19,10,5
378,-464,-722.993,19,10,5
379,-465,-722.993,19,10,5
379,-465,-722.993,19,10,5
380,-465,-722.993,19,10,5
380,-466,-722.993,19,10,5
381,-466,-722.994,19,10,5
381,-467,-722.994,19,10,5
382,-467,-722.994,19,10,5
382,-467,-722.994,19,10,5
383,-468,-722.994,19,10,5
383,-468,-722.994,19,10,5
384,-469,-722.994,19,10,5
384,-469,-722.994,19,10,5
385,-470,-722.994,19,10,5
385,-470,-722.994,19,10,5
386,-471,-722.994,19,10,5
386,-471,-722.994,19,10,5
387,-472,-722.994,19,10,5
387,-472,-722.994,19,10,5
388,-473,-722.994,19,10,5
388,-473,-722.994,19,10,5
389,-474,-722.994,19,10,5
389,-474,-722.994,19,10,5
390,-475,-722.994,19,10,5
390,-475,-722.994,19,10,5
391,-476,-722.994,19,10,5
392,-477,-722.994,19,10,5
392,-477,-722.994,19,10,5
393,-478,-722.994,19,10,5
393,-478,-722.995,19,10,5
394,-479,-722.995,19,10,5
394,-480,-722.995,19,10,5
395,-480,-722.995,19,10,5
396,-481,-722.995,19,10,5
396,-482,-722.995,19,10,5
397,-482,-722.995,19,10,5
397,-483,-722.995,19,10,5
398,-484,-722.995,19,10,5
399,-485,-722.995,19,10,5
399,-485,-722.995,19,10,5
400,-486,-722.995,19,10,5
401,-487,-722.995,19,10,5
401,-488,-722.995,19,10,5
402,-488,-722.995,19,10,5
402,-489,-722.995,19,10,5
403,-490,-722.995,19,10,5
404,-491,-722.995,19,10,5
404,-492,-722.996,19,10,5
405,-492,-722.996,19,10,5
406,-493,-722.996,19,10,5
406,-494,-722.996,19,10,5
407,-495,-722.996,19,10,5
407,-496,-722.996,19,10,5
408,-497,-722.996,19,10,5
409,-497,-722.996,19,10,5
409,-498,-722.996,19,10,5
410,-499,-722.996,19,10,5
410,-500,-722.996,19,10,5
411,-501,-722.996,19,10,5
411,-501,-722.996,19,10,5
412,-502,-722.996,19,10,5
413,-503,-722.996,19,10,5
413,-504,-722.996,19,10,5
414,-504,-722.996,19,10,5
414,-505,-722.996,19,10,5
415,-506,-722.996,19,10,5
415,-507,-722.996,19,10,5
416,-507,-722.996,19,10,5
417,-508,-722.996,19,10,5
417,-509,-722.996,19,10,5
418,-510,-722.996,19,10,5
418,-511,-722.996,19,10,5
419,-511,-722.997,19,10,5
420,-512,-722.997,19,10,5
420,-513,-722.996,19,10,5
421,-514,-722.996,19,10,5
421,-515,-722.997,19,10,5
422,-516,-722.997,19,10,5
423,-516,-722.997,19,10,5
423,-517,-722.997,19,10,5
424,-518,-722.997,19,10,5
425,-519,-722.997,19,10,5
425,-520,-722.997,19,10,5
426,-521,-722.997,19,10,5
427,-522,-722.997,19,10,5
427,-523,-722.997,19,10,5
428,-524,-722.997,19,10,5
429,-525,-722.997,19,10,5
430,-526,-722.997,19,10,5
430,-527,-722.997,19,10,5
431,-528,-722.997,19,10,5
432,-529,-722.997,19,10,5
433,-530,-722.997,19,10,5
433,-531,-722.997,19,10,5
434,-532,-722.997,19,10,5
435,-533,-722.997,19,10,5
436,-534,-722.997,19,10,5
436,-535,-722.997,19,10,5
437,-536,-722.997,19,10,5
438,-537,-722.997,19,10,5
438,-538,-722.997,19,10,5
439,-539,-722.998,19,10,5
440,-540,-722.997,19,10,5
441,-541,-722.998,19,10,5
442,-542,-722.998,19,10,5
442,-543,-722.998,19,10,5
443,-544,-722.998,19,10,5
444,-545,-722.998,19,10,5
445,-546,-722.998,19,10,5
446,-547,-722.998,19,10,5
446,-548,-722.998,19,10,5
447,-549,-722.998,19,10,5
448,-550,-722.998,19,10,5
449,-551,-722.998,19,10,5
450,-552,-722.998,19,10,5
451,-553,-722.998,19,10,5
451,-554,-722.998,19,10,5
452,-555,-722.998,19,10,5
453,-556,-722.999,19,10,5
454,-557,-722.999,19,10,5
455,-558,-722.998,19,10,5
456,-560,-722.999,19,10,5
456,-561,-722.999,19,10,5
457,-562,-722.999,19,10,5
458,-563,-722.999,19,10,5
459,-564,-722.999,19,10,5
460,-565,-722.999,19,10,5
461,-566,-722.999,19,10,5
461,-567,-722.999,19,10,5
462,-568,-722.999,19,10,5
463,-569,-722.999,19,10,5
464,-570,-722.999,19,10,5
464,-571,-722.999,19,10,5
465,-572,-722.999,19,10,5
466,-573,-722.999,19,10,5
467,-574,-722.999,19,10,5
467,-575,-722.999,19,10,5
468,-576,-722.999,19,10,5
469,-577,-722.999,19,10,5
469,-578,-723,19,10,5
470,-579,-723,19,10,5
471,-580,-723,19,10,5
471,-581,-723,19,10,5
472,-582,-723,19,10,5
472,-583,-723,19,10,5
473,-584,-723,19,10,5
474,-586,-723,19,10,5
474,-587,-723,19,10,5
475,-588,-723,19,10,5
475,-589,-723,19,10,5
476,-590,-723,19,10,5
476,-591,-723,19,10,5
477,-592,-723,19,10,5
478,-593,-723,19,10,5
478,-594,-723.001,19,10,5
479,-595,-723.001,19,10,5
479,-596,-723.001,19,10,5
480,-597,-723.001,19,10,5
481,-598,-723.001,19,10,5
481,-599,-723.001,19,10,5
482,-600,-723.001,19,10,5
483,-601,-723.001,19,10,5
484,-602,-723.001,19,10,5
484,-603,-723.001,19,10,5
485,-604,-723.001,19,10,5
486,-605,-723.001,19,10,5
486,-606,-723.001,19,10,5
487,-607,-723.001,19,10,5
487,-608,-723.001,19,10,5
488,-609,-723.001,19,10,5
489,-610,-723.001,19,10,5
489,-611,-723.001,19,10,5
490,-612,-723.001,19,10,5
490,-613,-723.001,19,10,5
491,-614,-723.001,19,10,5
492,-615,-723.002,19,10,5
492,-616,-723.002,19,10,5
493,-616,-723.002,19,10,5
493,-617,-723.002,19,10,5
494,-618,-723.002,19,10,5
494,-619,-723.002,19,10,5
495,-620,-723.002,19,10,5
495,-620,-723.002,19,10,5
495,-621,-723.002,19,10,5
496,-622,-723.002,19,10,5
496,-623,-723.002,19,10,5
497,-623,-723.002,19,10,5
497,-624,-723.002,19,10,5
498,-624,-723.002,19,10,5
498,-625,-723.002,19,10,5
499,-626,-723.002,19,10,5
499,-626,-723.002,19,10,5
499,-627,-723.002,19,10,5
500,-627,-723.002,19,10,5
500,-628,-723.002,19,10,5
500,-628,-723.002,19,10,5
501,-629,-723.002,19,10,5
501,-629,-723.003,19,10,5
501,-630,-723.003,19,10,5
501,-630,-723.003,19,10,5
502,-630,-723.003,19,10,5
502,-631,-723.003,19,10,5
502,-631,-723.003,19,10,5
502,-631,-723.003,19,10,5
502,-632,-723.003,19,10,5
502,-632,-723.003,19,10,5
503,-632,-723.003,19,10,5
503,-632,-723.003,19,10,5
503,-632,-723.003,19,10,5
503,-633,-723.003,19,10,5
503,-633,-723.003,19,10,5
503,-633,-723.003,19,10,5
503,-633,-723.003,19,10,5
503,-633,-723.003,19,10,5
503,-634,-723.003,19,10,5
503,-634,-723.003,19,10,5
504,-634,-723.003,19,10,5
504,-634,-723.003,19,10,5
504,-634,-723.003,19,10,5
504,-635,-723.003,19,10,5
504,-635,-723.003,19,10,5
504,-635,-723.003,19,10,5
504,-635,-723.003,19,10,5
504,-636,-723.003,19,10,5
504,-636,-723.003,19,10,5
504,-636,-723.003,19,10,5
504,-636,-723.003,19,10,5
505,-637,-723.003,19,10,5
505,-637,-723.003,19,10,5
505,-637,-723.003,19,10,5
505,-638,-723.003,19,10,5
505,-638,-723.003,19,10,5
505,-638,-723.003,19,10,5
505,-638,-723.003,19,10,5
505,-639,-723.003,19,10,5
505,-639,-723.003,19,10,5
505,-640,-723.004,19,10,5
505,-640,-723.004,19,10,5
505,-640,-723.003,19,10,5
505,-641,-723.003,19,10,5
505,-641,-723.004,19,10,5
505,-641,-723.004,19,10,5
505,-642,-723.004,19,10,5
505,-642,-723.004,19,10,5
505,-642,-723.004,19,10,5
505,-643,-723.004,19,10,5
505,-643,-723.004,19,10,5
505,-643,-723.004,19,10,5
505,-644,-723.004,19,10,5
505,-644,-723.004,19,10,5
506,-644,-723.004,19,10,5
506,-645,-723.004,19,10,5
506,-645,-723.004,19,10,5
506,-645,-723.004,19,10,5
506,-645,-723.004,19,10,5
506,-646,-723.004,19,10,5
506,-646,-723.004,19,10,5
506,-646,-723.004,19,10,5
506,-647,-723.004,19,10,5
507,-647,-723.004,19,10,5
507,-647,-723.004,19,10,5
507,-648,-723.004,19,10,5
507,-648,-723.004,19,10,5
507,-648,-723.004,19,10,5
507,-649,-723.004,19,10,5
507,-649,-723.004,19,10,5
507,-649,-723.004,19,10,5
508,-649,-723.004,19,10,5
508,-650,-723.004,19,10,5
508,-650,-723.004,19,10,5
508,-650,-723.004,19,10,5
508,-650,-723.004,19,10,5
508,-650,-723.004,19,10,5
509,-651,-723.004,19,10,5
509,-651,-723.004,19,10,5
509,-651,-723.004,19,10,5
509,-651,-723.004,19,10,5
509,-651,-723.004,19,10,5
510,-651,-723.004,19,10,5
510,-651,-723.004,19,10,5
510,-652,-723.004,19,10,5
510,-652,-723.004,19,10,5
510,-652,-723.004,19,10,5
510,-652,-723.004,19,10,5
510,-652,-723.004,19,10,5
510,-652,-723.004,19,10,5
510,-652,-723.004,19,10,5
510,-652,-723.004,19,10,5
510,-652,-723.004,19,10,5
510,-652,-723.004,19,10,5
510,-652,-723.004,19,10,5
510,-652,-723.004,19,10,5
510,-652,-723.004,19,10,5
510,-652,-723.004,19,10,5
510,-653,-723.004,19,10,5
510,-653,-723.004,19,10,5
510,-653,-723.004,19,10,5
510,-653,-723.004,19,10,5
510,-653,-723.004,19,10,5
510,-653,-723.004,19,10,5
510,-654,-723.004,19,10,5
510,-654,-723.004,19,10,5
510,-654,-723.004,19,10,5
510,-654,-723.004,19,10,5
510,-654,-723.004,19,10,5
510,-655,-723.004,19,10,5
510,-655,-723.004,19,10,5
510,-655,-723.004,19,10,5
510,-655,-723.004,19,10,5
511,-655,-723.004,19,10,5
511,-656,-723.004,19,10,5
511,-656,-723.004,19,10,5
511,-656,-723.004,19,10,5
512,-656,-723.004,19,10,5
512,-656,-723.004,19,10,5
512,-656,-723.004,19,10,5
512,-656,-723.004,19,10,5
513,-657,-723.004,19,10,5
513,-657,-723.004,19,10,5
513,-657,-723.004,19,10,5
514,-657,-723.004,19,10,5
514,-657,-723.004,19,10,5
514,-657,-723.004,19,10,5
515,-658,-723.004,19,10,5
515,-658,-723.004,19,10,5
515,-658,-723.004,19,10,5
516,-658,-723.004,19,10,5
516,-658,-723.004,19,10,5
516,-658,-723.004,19,10,5
517,-659,-723.004,19,10,5
517,-659,-723.004,19,10,5
518,-659,-723.004,19,10,5
518,-659,-723.004,19,10,5
518,-659,-723.004,19,10,5
519,-660,-723.004,19,10,5
519,-660,-723.004,19,10,5
520,-660,-723.004,19,10,5
520,-660,-723.004,19,10,5
521,-660,-723.004,19,10,5
521,-661,-723.004,19,10,5
522,-661,-723.004,19,10,5
522,-661,-723.004,19,10,5
523,-661,-723.004,19,10,5
523,-661,-723.004,19,10,5
524,-662,-723.004,19,10,5
524,-662,-723.004,19,10,5
525,-662,-723.004,19,10,5
525,-662,-723.004,19,10,5
525,-662,-723.004,19,10,5
526,-663,-723.004,19,10,5
526,-663,-723.004,19,10,5
527,-663,-723.004,19,10,5
527,-663,-723.004,19,10,5
527,-663,-723.004,19,10,5
528,-663,-723.004,19,10,5
528,-664,-723.004,19,10,5
528,-664,-723.004,19,10,5
529,-664,-723.004,19,10,5
529,-664,-723.004,19,10,5
530,-664,-723.004,19,10,5
530,-665,-723.004,19,10,5
530,-665,-723.004,19,10,5
531,-665,-723.004,19,10,5
531,-665,-723.004,19,10,5
531,-666,-723.004,19,10,5
532,-666,-723.004,19,10,5
532,-666,-723.004,19,10,5
533,-667,-723.004,19,10,5
533,-667,-723.004,19,10,5
533,-667,-723.004,19,10,5
534,-667,-723.004,19,10,5
534,-668,-723.004,19,10,5
535,-668,-723.004,19,10,5
535,-669,-723.004,19,10,5
536,-669,-723.004,19,10,5
536,-669,-723.004,19,10,5
537,-670,-723.004,19,10,5
537,-670,-723.004,19,10,5
537,-671,-723.004,19,10,5
538,-671,-723.004,19,10,5
538,-672,-723.004,19,10,5
539,-672,-723.004,19,10,5
539,-673,-723.004,19,10,5
539,-673,-723.004,19,10,5
540,-674,-723.004,19,10,5
540,-674,-723.004,19,10,5
540,-675,-723.004,19,10,5
541,-675,-723.004,19,10,5
541,-676,-723.004,19,10,5
541,-676,-723.004,19,10,5
541,-677,-723.004,19,10,5
542,-677,-723.004,19,10,5
542,-678,-723.004,19,10,5
542,-678,-723.004,19,10,5
542,-679,-723.004,19,10,5
543,-679,-723.004,19,10,5
543,-680,-723.004,19,10,5
543,-680,-723.004,19,10,5
543,-681,-723.004,19,10,5
544,-681,-723.004,19,10,5
544,-682,-723.004,19,10,5
544,-682,-723.004,19,10,5
544,-683,-723.004,19,10,5
545,-683,-723.004,19,10,5
545,-684,-723.004,19,10,5
545,-684,-723.004,19,10,5
546,-685,-723.004,19,10,5
546,-685,-723.004,19,10,5
547,-686,-723.004,19,10,5
547,-686,-723.004,19,10,5
547,-687,-723.004,19,10,5
548,-688,-723.004,19,10,5
548,-688,-723.004,19,10,5
549,-689,-723.004,19,10,5
549,-690,-723.004,19,10,5
550,-690,-723.004,19,10,5
550,-691,-723.004,19,10,5
551,-692,-723.004,19,10,5
551,-693,-723.005,19,10,5
551,-693,-723.005,19,10,5
552,-694,-723.005,19,10,5
552,-695,-723.004,19,10,5
553,-696,-723.005,19,10,5
553,-697,-723.005,19,10,5
554,-697,-723.005,19,10,5
554,-698,-723.005,19,10,5
554,-699,-723.005,19,10,5
555,-700,3164.32,19,10,5
555,-701,3163.7,19,10,5
556,-701,3164.47,19,10,5
556,-702,3163.86,19,10,5
557,-703,3163.29,19,10,5
557,-704,3162.68,19,10,5
558,-705,3163.4,19,10,5
558,-706,3162.79,19,10,5
559,-707,3162.23,19,10,5
559,-708,3161.63,19,10,5
560,-708,3162.3,19,10,5
560,-709,3161.7,19,10,5
561,-710,3161.15,19,10,5
561,-711,3160.56,19,10,5
562,-712,3161.18,19,10,5
563,-713,3160.59,19,10,5
563,-714,3160.04,19,10,5
564,-714,3159.45,19,10,5
564,-715,3160.05,19,10,5
565,-716,3159.46,19,10,5
566,-717,3158.92,19,10,5
566,-718,3158.33,19,10,5
567,-719,3158.89,19,10,5
568,-720,3158.3,19,10,5
568,-721,3157.76,19,10,5
569,-722,3157.18,19,10,5
570,-723,3157.69,19,10,5
570,-724,3157.11,19,10,5
571,-724,3156.57,19,10,5
572,-725,3155.99,19,10,5
572,-726,3156.46,19,10,5
573,-727,3155.88,19,10,5
574,-728,3155.34,19,10,5
574,-729,3154.76,19,10,5
575,-730,3155.19,19,10,5
576,-731,3154.61,19,10,5
576,-732,3154.08,19,10,5
577,-734,3153.5,19,10,5
578,-735,3153.89,19,10,5
578,-736,3153.33,19,10,5
579,-737,3152.8,19,10,5
580,-738,3152.23,19,10,5
580,-739,3153.4,19,10,5
581,-740,3152.84,19,10,5
582,-741,3152.31,19,10,5
582,-742,3151.75,19,10,5
583,-743,3152.85,19,10,5
583,-744,3152.29,19,10,5
584,-745,3151.77,19,10,5
585,-746,3151.21,19,10,5
585,-747,3152.24,19,10,5
586,-748,3151.68,19,10,5
586,-749,3151.15,19,10,5
587,-750,3150.58,19,10,5
587,-751,3151.54,19,10,5
588,-752,3150.97,19,10,5
588,-753,3150.45,19,10,5
589,-754,3149.87,19,10,5
589,-755,3150.79,19,10,5
589,-756,3150.22,19,10,5
590,-757,3149.69,19,10,5
590,-759,3149.11,19,10,5
591,-760,3149.97,19,10,5
591,-761,3149.39,19,10,5
591,-762,3148.86,19,10,5
591,-763,3148.28,19,10,5
592,-765,3149.08,19,10,5
592,-766,3148.51,19,10,5
592,-767,3147.98,19,10,5
593,-768,3147.4,19,10,5
593,-770,3148.15,19,10,5
593,-771,3147.57,19,10,5
593,-772,3147.04,19,10,5
594,-774,3146.47,19,10,5
594,-775,3147.17,19,10,5
594,-776,3146.59,19,10,5
594,-778,3146.07,19,10,5
594,-779,3145.5,19,10,5
595,-780,3146.15,19,10,5
595,-782,3145.57,19,10,5
595,-783,3145.04,19,10,5
595,-784,3144.47,19,10,5
595,-786,3145.07,19,10,5
595,-787,3144.49,19,10,5
596,-789,3143.96,19,10,5
596,-790,3143.38,19,10,5
596,-791,3143.94,19,10,5
596,-793,3143.37,19,10,5
596,-794,3142.84,19,10,5
596,-796,3142.26,19,10,5
596,-797,3142.78,19,10,5
596,-798,3142.2,19,10,5
596,-800,3141.67,19,10,5
596,-801,3141.09,19,10,5
596,-803,3141.55,19,10,5
595,-804,3140.97,19,10,5
595,-806,3140.44,19,10,5
595,-807,3139.85,19,10,5
595,-809,3140.29,19,10,5
595,-810,3139.71,19,10,5
595,-812,3139.18,19,10,5
594,-814,3138.59,19,10,5
594,-815,3138.99,19,10,5
593,-817,3138.39,19,10,5
593,-818,3137.86,19,10,5
593,-820,3137.26,19,10,5
592,-822,3137.61,19,10,5
592,-824,3137,19,10,5
591,-825,3136.46,19,10,5
591,-827,3135.85,19,10,5
590,-829,3136.16,19,10,5
590,-831,3135.54,19,10,5
589,-833,3135,19,10,5
588,-835,3134.37,19,10,5
587,-837,3134.64,19,10,5
587,-839,3134.01,19,10,5
586,-841,3133.46,19,10,5
585,-843,3132.83,19,10,5
584,-845,3133.05,19,10,5
583,-847,3132.41,19,10,5
582,-849,3131.85,19,10,5
581,-852,3131.21,19,10,5
580,-854,3132.13,19,10,5
579,-856,3131.48,19,10,5
578,-858,3130.92,19,10,5
576,-860,3130.27,19,10,5
575,-862,3131.13,19,10,5
574,-865,3130.48,19,10,5
573,-867,3129.91,19,10,5
572,-869,3129.25,19,10,5
571,-871,3130.04,19,10,5
569,-874,3129.37,19,10,5
568,-876,3128.8,19,10,5
566,-878,3128.13,19,10,5
565,-880,3128.86,19,10,5
564,-883,3128.18,19,10,5
563,-885,3127.6,19,10,5
561,-888,3126.91,19,10,5
560,-890,3127.59,19,10,5
558,-893,3126.9,19,10,5
557,-895,3126.31,19,10,5
555,-897,3125.72,19,10,5
554,-900,3126.22,19,10,5
552,-903,3125.63,19,10,5
550,-905,3124.91,19,10,5
549,-908,3124.31,19,10,5
547,-911,3124.75,19,10,5
545,-913,3124.14,19,10,5
543,-916,3123.4,19,10,5
542,-919,3122.79,19,10,5
540,-921,3123.16,19,10,5
538,-924,3122.54,19,10,5
536,-927,3121.79,19,10,5
534,-930,3121.17,19,10,5
532,-933,3121.48,19,10,5
530,-935,3120.86,19,10,5
527,-938,3120.09,19,10,5
525,-941,3119.46,19,10,5
523,-944,3119.72,19,10,5
521,-947,3119.09,19,10,5
518,-950,3118.31,19,10,5
516,-952,3117.68,19,10,5
514,-955,3117.88,19,10,5
512,-958,3117.25,19,10,5
509,-961,3116.46,19,10,5
507,-963,3115.82,19,10,5
504,-966,3115.97,19,10,5
502,-969,3115.33,19,10,5
499,-972,3114.53,19,10,5
497,-974,3113.88,19,10,5
494,-977,3113.98,19,10,5
492,-980,3113.33,19,10,5
489,-983,3112.51,19,10,5
486,-985,3111.85,19,10,5
483,-988,3111.89,19,10,5
481,-991,3111.23,19,10,5
478,-994,3110.39,19,10,5
475,-997,3109.73,19,10,5
472,-1000,3109.73,19,10,5
470,-1002,3109.06,19,10,5
466,-1005,3108.2,19,10,5
464,-1008,3107.53,19,10,5
460,-1011,3107.47,19,10,5
457,-1013,3106.8,19,10,5
454,-1016,3105.92,19,10,5
451,-1019,3105.25,19,10,5
447,-1022,3105.14,19,10,5
445,-1024,3104.46,19,10,5
441,-1027,3103.57,19,10,5
438,-1030,3102.88,19,10,5
434,-1033,3102.73,19,10,5
431,-1035,3102.04,19,10,5
427,-1038,3101.13,19,10,5
424,-1041,3100.43,19,10,5
420,-1043,3100.23,19,10,5
417,-1046,3099.53,19,10,5
412,-1049,3098.61,19,10,5
409,-1051,3097.9,19,10,5
405,-1054,3097.66,19,10,5
402,-1057,3096.95,19,10,5
397,-1060,3096.01,19,10,5
394,-1062,3095.3,19,10,5
390,-1065,3095.75,19,10,5
386,-1067,3095.04,19,10,5
382,-1070,3094.09,19,10,5
379,-1072,3093.37,19,10,5
374,-1075,3093.74,19,10,5
371,-1078,3093.02,19,10,5
366,-1080,3092.05,19,10,5
363,-1083,3091.32,19,10,5
358,-1086,3091.62,19,10,5
355,-1088,3090.89,19,10,5
350,-1091,3089.9,19,10,5
346,-1093,3089.17,19,10,5
341,-1096,3089.4,19,10,5
338,-1098,3088.66,19,10,5
333,-1101,3087.67,19,10,5
329,-1103,3086.93,19,10,5
325,-1106,3087.12,19,10,5
321,-1108,3086.38,19,10,5
316,-1111,3085.38,19,10,5
313,-1113,3084.64,19,10,5
308,-1115,3084.78,19,10,5
304,-1117,3084.03,19,10,5
299,-1120,3083.02,19,10,5
296,-1122,3082.27,19,10,5
291,-1125,3082.35,19,10,5
287,-1127,3081.6,19,10,5
282,-1129,3080.57,19,10,5
279,-1131,3079.82,19,10,5
274,-1134,3079.83,19,10,5
270,-1136,3079.07,19,10,5
265,-1138,3078.03,19,10,5
261,-1141,3077.27,19,10,5
256,-1143,3077.22,19,10,5
252,-1145,3076.45,19,10,5
247,-1148,3075.4,19,10,5
243,-1150,3074.62,19,10,5
238,-1152,3074.52,19,10,5
234,-1154,3073.75,19,10,5
228,-1157,3072.67,19,10,5
224,-1159,3071.9,19,10,5
219,-1161,3071.74,19,10,5
215,-1163,3070.96,19,10,5
209,-1165,3069.87,19,10,5
205,-1167,3069.09,19,10,5
199,-1169,3068.88,19,10,5
195,-1171,3068.1,19,10,5
189,-1174,3067,19,10,5
185,-1175,3066.22,19,10,5
179,-1178,3065.97,19,10,5
175,-1179,3065.18,19,10,5
169,-1182,3064.08,19,10,5
165,-1183,3063.29,19,10,5
159,-1185,3062.99,19,10,5
155,-1187,3062.2,19,10,5
149,-1189,3061.08,19,10,5
144,-1191,3060.29,19,10,5
138,-1193,3059.97,19,10,5
134,-1195,3059.18,19,10,5
128,-1197,3058.06,19,10,5
124,-1199,3057.26,19,10,5
118,-1201,3056.9,19,10,5
114,-1203,3056.1,19,10,5
108,-1205,3054.97,19,10,5
103,-1207,3054.18,19,10,5
97,-1209,3053.77,19,10,5
93,-1210,3052.98,19,10,5
87,-1212,3051.83,19,10,5
83,-1214,3051.04,19,10,5
77,-1216,3050.59,19,10,5
72,-1218,3049.8,19,10,5
66,-1220,3048.65,19,10,5
62,-1221,3047.86,19,10,5
56,-1223,3047.38,19,10,5
51,-1225,3046.58,19,10,5
45,-1226,3045.43,19,10,5
41,-1228,3044.64,19,10,5
35,-1230,3044.13,19,10,5
30,-1231,3043.33,19,10,5
24,-1233,3042.17,19,10,5
20,-1234,3041.37,19,10,5
13,-1236,3041.59,19,10,5
9,-1237,3040.79,19,10,5
3,-1239,3039.64,19,10,5
-1,-1240,3038.84,19,10,5
-7,-1242,3039,19,10,5
-11,-1243,3038.21,19,10,5
-17,-1245,3037.06,19,10,5
-21,-1246,3036.27,19,10,5
-27,-1247,3036.38,19,10,5
-31,-1249,3035.59,19,10,5
-37,-1250,3034.43,19,10,5
-42,-1251,3033.65,19,10,5
-47,-1253,3033.72,19,10,5
-51,-1254,3032.93,19,10,5
-57,-1255,3031.78,19,10,5
-61,-1257,3031,19,10,5
-67,-1258,3031.03,19,10,5
-71,-1259,3030.25,19,10,5
-77,-1260,3029.1,19,10,5
-81,-1261,3028.33,19,10,5
-86,-1262,3028.31,19,10,5
-90,-1263,3027.54,19,10,5
-96,-1264,3026.39,19,10,5
-100,-1265,3025.62,19,10,5
-105,-1266,3025.57,19,10,5
-109,-1267,3024.8,19,10,5
-114,-1268,3023.66,19,10,5
-118,-1269,3022.89,19,10,5
-124,-1270,3022.8,19,10,5
-128,-1271,3022.04,19,10,5
-133,-1272,3020.91,19,10,5
-137,-1273,3020.15,19,10,5
-142,-1274,3020.03,19,10,5
-146,-1274,3019.28,19,10,5
-151,-1275,3018.16,19,10,5
-154,-1276,3017.42,19,10,5
-160,-1277,3017.27,19,10,5
-163,-1278,3016.53,19,10,5
-168,-1278,3015.42,19,10,5
-172,-1279,3014.68,19,10,5
-177,-1280,3014.51,19,10,5
-180,-1280,3013.77,19,10,5
-185,-1281,3012.67,19,10,5
-188,-1282,3011.95,19,10,5
-193,-1282,3011.74,19,10,5
-197,-1283,3011.02,19,10,5
-202,-1283,3009.94,19,10,5
-205,-1284,3009.23,19,10,5
-210,-1284,3009,19,10,5
-213,-1285,3008.29,19,10,5
-218,-1285,3007.22,19,10,5
-221,-1286,3006.52,19,10,5
-225,-1286,3006.27,19,10,5
-228,-1287,3005.58,19,10,5
-233,-1287,3004.52,19,10,5
-236,-1288,3003.83,19,10,5
-240,-1288,3003.58,19,10,5
-243,-1289,3002.9,19,10,5
-248,-1289,3001.85,19,10,5
-251,-1290,3001.17,19,10,5
-255,-1290,3000.9,19,10,5
-258,-1291,3000.22,19,10,5
-263,-1291,2999.19,19,10,5
-265,-1292,2998.52,19,10,5
-270,-1292,2998.23,19,10,5
-273,-1293,2997.57,19,10,5
-277,-1293,2996.56,19,10,5
-280,-1294,2995.91,19,10,5
-284,-1294,2995.6,19,10,5
-287,-1295,2994.96,19,10,5
-291,-1295,2993.96,19,10,5
-294,-1296,2993.33,19,10,5
-298,-1296,2993.02,19,10,5
-300,-1296,2992.39,19,10,5
-304,-1297,2991.42,19,10,5
-307,-1297,2990.8,19,10,5
-311,-1297,2990.48,19,10,5
-313,-1298,2989.87,19,10,5
-317,-1298,2988.92,19,10,5
-319,-1298,2988.32,19,10,5
-323,-1298,2988.58,19,10,5
-325,-1299,2987.98,19,10,5
-329,-1299,2987.05,19,10,5
-331,-1299,2986.47,19,10,5
-334,-1299,2986.71,19,10,5
-336,-1299,2986.13,19,10,5
-340,-1299,2985.23,19,10,5
-341,-1299,2984.66,19,10,5
-345,-1299,2984.89,19,10,5
-346,-1299,2984.33,19,10,5
-349,-1299,2983.45,19,10,5
-351,-1299,2982.91,19,10,5
-354,-1299,2983.11,19,10,5
-355,-1299,2982.57,19,10,5
-358,-1299,2981.72,19,10,5
-359,-1299,2981.2,19,10,5
-362,-1299,2981.4,19,10,5
-363,-1299,2980.88,19,10,5
-366,-1299,2980.05,19,10,5
-367,-1299,2979.55,19,10,5
-369,-1299,2979.73,19,10,5
-370,-1299,2979.23,19,10,5
-373,-1299,2978.43,19,10,5
-374,-1299,2977.94,19,10,5
-376,-1299,2978.11,19,10,5
-377,-1299,2977.63,19,10,5
-379,-1299,2976.86,19,10,5
-380,-1299,2976.39,19,10,5
-382,-1299,2976.55,19,10,5
-383,-1299,2976.09,19,10,5
-385,-1299,2975.34,19,10,5
-385,-1299,2974.89,19,10,5
-387,-1299,2975.05,19,10,5
-388,-1299,2974.61,19,10,5
-389,-1299,2973.89,19,10,5
-390,-1300,2973.47,19,10,5
-392,-1299,2973.62,19,10,5
-392,-1300,2973.2,19,10,5
-393,-1300,2972.51,19,10,5
-394,-1300,2972.11,19,10,5
-395,-1300,2972.25,19,10,5
-396,-1301,2971.85,19,10,5
-397,-1301,2971.19,19,10,5
-397,-1301,2970.8,19,10,5
-399,-1301,2970.94,19,10,5
-399,-1302,2970.56,19,10,5
-400,-1302,2969.93,19,10,5
-400,-1302,2969.56,19,10,5
-401,-1303,2969.7,19,10,5
-402,-1303,2969.34,19,10,5
-403,-1303,2968.74,19,10,5
-403,-1304,2968.4,19,10,5
-404,-1304,2968.54,19,10,5
-403,-1305,2968.21,19,10,5
-404,-1305,2967.65,19,10,5
-404,-1305,2967.33,19,10,5
-405,-1306,2967.48,19,10,5
-405,-1306,2967.17,19,10,5
-405,-1307,2966.64,19,10,5
-405,-1307,2966.34,19,10,5
-405,-1308,2966.51,19,10,5
-405,-1308,2966.22,19,10,5
-405,-1309,2965.72,19,10,5
-405,-1309,2965.44,19,10,5
-405,-1310,2965.61,19,10,5
-404,-1310,2965.35,19,10,5
-405,-1311,2964.88,19,10,5
-404,-1311,2964.62,19,10,5
-404,-1312,2964.79,19,10,5
-403,-1312,2964.55,19,10,5
-403,-1312,2964.11,19,10,5
-403,-1313,2963.87,19,10,5
-403,-1313,2964.05,19,10,5
-402,-1314,2963.82,19,10,5
-402,-1314,2963.41,19,10,5
-401,-1315,2963.19,19,10,5
-401,-1315,2963.38,19,10,5
-400,-1316,2963.17,19,10,5
-400,-1316,2962.79,19,10,5
-399,-1317,2962.6,19,10,5
-399,-1318,2963.16,19,10,5
-398,-1318,2962.97,19,10,5
-397,-1319,2962.63,19,10,5
-396,-1319,2962.45,19,10,5
-396,-1320,2963.01,19,10,5
-395,-1321,2962.85,19,10,5
-394,-1321,2962.53,19,10,5
-393,-1322,2962.38,19,10,5
-393,-1323,2962.93,19,10,5
-391,-1323,2962.79,19,10,5
-391,-1324,2962.51,19,10,5
-389,-1325,2962.38,19,10,5
-389,-1326,2962.93,19,10,5
-387,-1327,2962.81,19,10,5
-387,-1327,2962.55,19,10,5
-385,-1328,2962.44,19,10,5
-384,-1329,2963,19,10,5
-383,-1330,2962.9,19,10,5
-382,-1331,2962.68,19,10,5
-380,-1332,2962.59,19,10,5
-379,-1332,2963.14,19,10,5
-378,-1333,2963.07,19,10,5
-376,-1334,2962.88,19,10,5
-375,-1335,2962.81,19,10,5
-374,-1336,2963.37,19,10,5
-372,-1337,2963.31,19,10,5
-370,-1338,2963.16,19,10,5
-369,-1339,2963.11,19,10,5
-367,-1340,2963.67,19,10,5
-365,-1341,2963.64,19,10,5
-364,-1342,2963.51,19,10,5
-362,-1343,2963.48,19,10,5
-360,-1344,2964.05,19,10,5
-358,-1345,2964.03,19,10,5
-357,-1346,2963.94,19,10,5
-355,-1347,2963.93,19,10,5
-353,-1348,2964.5,19,10,5
-351,-1349,2964.5,19,10,5
-349,-1350,2964.43,19,10,5
-347,-1351,2964.44,19,10,5
-345,-1351,2965.02,19,10,5
-343,-1353,2965.04,19,10,5
-341,-1353,2965,19,10,5
-339,-1355,2965.03,19,10,5
-337,-1356,2965.61,19,10,5
-335,-1357,2965.65,19,10,5
-333,-1358,2965.65,19,10,5
-331,-1359,2965.7,19,10,5
-328,-1360,2966.29,19,10,5
-326,-1361,2966.35,19,10,5
-324,-1362,2966.37,19,10,5
-322,-1363,2966.44,19,10,5
-320,-1364,2967.03,19,10,5
-317,-1366,2967.1,19,10,5
-315,-1367,2967.15,19,10,5
-313,-1368,2967.24,19,10,5
-311,-1369,2967.84,19,10,5
-308,-1371,2967.94,19,10,5
-306,-1372,2968.02,19,10,5
-304,-1373,2968.12,19,10,5
-301,-1374,2968.73,19,10,5
-299,-1376,2968.84,19,10,5
-297,-1377,2968.95,19,10,5
-294,-1378,2969.07,19,10,5
-292,-1379,2969.69,19,10,5
-289,-1381,2969.82,19,10,5
-287,-1382,2969.96,19,10,5
-284,-1383,2970.1,19,10,5
-282,-1384,2970.72,19,10,5
-279,-1386,2970.86,19,10,5
-277,-1387,2971.02,19,10,5
-274,-1388,2971.18,19,10,5
-272,-1389,2971.81,19,10,5
-269,-1391,2971.97,19,10,5
-266,-1392,2972.16,19,10,5
-264,-1393,2972.33,19,10,5
-261,-1395,2972.96,19,10,5
-259,-1396,2973.14,19,10,5
-256,-1398,2973.35,19,10,5
-254,-1399,2973.53,19,10,5
-251,-1401,2974.34,19,10,5
-249,-1402,2974.53,19,10,5
-246,-1404,2974.76,19,10,5
-243,-1405,2974.96,19,10,5
-241,-1407,2975.76,19,10,5
-238,-1408,2975.96,19,10,5
-236,-1410,2976.21,19,10,5
-233,-1411,2976.42,19,10,5
-231,-1413,2977.22,19,10,5
-228,-1414,2977.44,19,10,5
-226,-1416,2977.72,19,10,5
-223,-1418,2977.94,19,10,5
-221,-1419,2978.74,19,10,5
-218,-1421,2978.97,19,10,5
-216,-1423,2979.26,19,10,5
-213,-1425,2979.5,19,10,5
-211,-1426,2980.3,19,10,5
-208,-1428,2980.54,19,10,5
-206,-1430,2980.85,19,10,5
-203,-1432,2981.09,19,10,5
-201,-1433,2981.9,19,10,5
-198,-1435,2982.15,19,10,5
-196,-1437,2982.48,19,10,5
-193,-1439,2982.73,19,10,5
-191,-1440,2983.53,19,10,5
-188,-1442,2983.79,19,10,5
-186,-1444,2984.14,19,10,5
-184,-1445,2984.4,19,10,5
-181,-1447,2985.2,19,10,5
-179,-1449,2985.46,19,10,5
-176,-1450,2985.82,19,10,5
-174,-1452,2986.1,19,10,5
-171,-1453,2986.89,19,10,5
-169,-1455,2987.17,19,10,5
-166,-1457,2987.54,19,10,5
-164,-1458,2987.82,19,10,5
-162,-1460,2988.61,19,10,5
-159,-1462,2988.9,19,10,5
-157,-1463,2989.29,19,10,5
-155,-1465,2989.57,19,10,5
-152,-1466,2990.36,19,10,5
-150,-1468,2990.65,19,10,5
-147,-1470,2991.05,19,10,5
-145,-1471,2991.35,19,10,5
-143,-1473,2992.13,19,10,5
-140,-1474,2992.43,19,10,5
-138,-1476,2992.85,19,10,5
-136,-1477,2993.15,19,10,5
-133,-1479,2993.93,19,10,5
-131,-1480,2994.23,19,10,5
-128,-1481,2994.66,19,10,5
-126,-1483,2994.97,19,10,5
-123,-1484,2995.75,19,10,5
-121,-1486,2996.06,19,10,5
-119,-1487,2996.5,19,10,5
-116,-1488,2996.81,19,10,5
-114,-1490,2997.58,19,10,5
-112,-1491,2997.9,19,10,5
-109,-1492,2998.35,19,10,5
-107,-1494,2998.67,19,10,5
-104,-1495,2999.44,19,10,5
-102,-1496,2999.76,19,10,5
-99,-1497,3000.23,19,10,5
-97,-1499,3000.55,19,10,5
-95,-1500,3001.32,19,10,5
-93,-1501,3001.65,19,10,5
-90,-1503,3002.12,19,10,5
-88,-1504,3002.45,19,10,5
-85,-1505,3003.21,19,10,5
-83,-1506,3003.54,19,10,5
-80,-1508,3004.02,19,10,5
-78,-1509,3004.36,19,10,5
-75,-1510,3005.11,19,10,5
-73,-1511,3005.45,19,10,5
-71,-1513,3005.94,19,10,5
-69,-1514,3006.27,19,10,5
-66,-1515,3007.03,19,10,5
-64,-1516,3007.36,19,10,5
-61,-1517,3007.86,19,10,5
-59,-1519,3008.2,19,10,5
-56,-1520,3009.05,19,10,5
-54,-1521,3009.39,19,10,5
-52,-1522,3009.89,19,10,5
-50,-1523,3010.23,19,10,5
-47,-1524,3011.07,19,10,5
-45,-1525,3011.41,19,10,5
-43,-1526,3011.91,19,10,5
-41,-1527,3012.25,19,10,5
-38,-1528,3013.09,19,10,5
-36,-1529,3013.43,19,10,5
-34,-1530,3013.93,19,10,5
-32,-1531,3014.27,19,10,5
-29,-1532,3015.09,19,10,5
-28,-1533,3015.44,19,10,5
-25,-1534,3015.95,19,10,5
-23,-1534,3016.29,19,10,5
-21,-1535,3017.1,19,10,5
-19,-1536,3017.44,19,10,5
-16,-1537,3017.96,19,10,5
-15,-1538,3018.3,19,10,5
-12,-1539,3019.1,19,10,5
-10,-1540,3019.44,19,10,5
-8,-1540,3019.96,19,10,5
-6,-1541,3020.3,19,10,5
-4,-1542,3021.09,19,10,5
-2,-1543,3021.43,19,10,5
0,-1544,3021.95,19,10,5
1,-1544,3022.29,19,10,5
4,-1545,3023.08,19,10,5
6,-1546,3023.42,19,10,5
8,-1546,3023.94,19,10,5
10,-1547,3024.28,19,10,5
12,-1548,3025.05,19,10,5
14,-1548,3025.39,19,10,5
17,-1549,3025.92,19,10,5
18,-1550,3026.26,19,10,5
21,-1550,3027.02,19,10,5
23,-1551,3027.36,19,10,5
25,-1551,3027.69,19,10,5
27,-1552,3028.21,19,10,5
30,-1552,3028.96,19,10,5
32,-1553,3029.48,19,10,5
34,-1553,3029.82,19,10,5
36,-1553,3030.33,19,10,5
38,-1554,3030.88,19,10,5
40,-1554,3031.4,19,10,5
42,-1554,3031.73,19,10,5
44,-1554,3032.24,19,10,5
46,-1555,3032.78,19,10,5
48,-1555,3033.29,19,10,5
50,-1555,3033.62,19,10,5
52,-1555,3034.14,19,10,5
53,-1555,3034.66,19,10,5
56,-1555,3035.17,19,10,5
57,-1556,3035.5,19,10,5
59,-1556,3036.01,19,10,5
61,-1556,3036.52,19,10,5
63,-1556,3037.03,19,10,5
64,-1556,3037.35,19,10,5
66,-1556,3037.86,19,10,5
68,-1557,3038.36,19,10,5
70,-1557,3038.86,19,10,5
71,-1557,3039.18,19,10,5
73,-1557,3039.68,19,10,5
75,-1558,3040.17,19,10,5
77,-1558,3040.66,19,10,5
78,-1558,3040.98,19,10,5
80,-1559,3041.47,19,10,5
81,-1559,3041.94,19,10,5
83,-1559,3042.43,19,10,5
84,-1560,3042.74,19,10,5
86,-1560,3043.23,19,10,5
87,-1560,3043.69,19,10,5
89,-1561,3044.18,19,10,5
90,-1561,3044.48,19,10,5
92,-1561,3044.96,19,10,5
93,-1561,3045.41,19,10,5
95,-1562,3045.89,19,10,5
96,-1562,3046.19,19,10,5
98,-1562,3046.66,19,10,5
99,-1563,3047.31,19,10,5
100,-1563,3047.79,19,10,5
101,-1563,3048.08,19,10,5
103,-1563,3048.55,19,10,5
104,-1564,3049.18,19,10,5
106,-1564,3049.64,19,10,5
107,-1564,3049.93,19,10,5
109,-1564,3050.39,19,10,5
109,-1565,3051,19,10,5
111,-1565,3051.46,19,10,5
112,-1565,3051.74,19,10,5
114,-1565,3052.2,19,10,5
115,-1566,3052.79,19,10,5
117,-1566,3053.24,19,10,5
118,-1566,3053.52,19,10,5
119,-1566,3053.97,19,10,5
120,-1567,3054.55,19,10,5
122,-1567,3054.99,19,10,5
123,-1567,3055.26,19,10,5
125,-1567,3055.71,19,10,5
126,-1568,3056.26,19,10,5
127,-1568,3056.7,19,10,5
128,-1568,3056.96,19,10,5
130,-1568,3057.4,19,10,5
131,-1568,3057.93,19,10,5
133,-1568,3058.37,19,10,5
133,-1569,3058.62,19,10,5
135,-1569,3059.05,19,10,5
136,-1569,3059.57,19,10,5
138,-1569,3059.99,19,10,5
138,-1569,3060.24,19,10,5
140,-1569,3060.66,19,10,5
141,-1569,3061.16,19,10,5
142,-1569,3061.57,19,10,5
143,-1570,3061.82,19,10,5
145,-1570,3062.23,19,10,5
146,-1570,3062.7,19,10,5
147,-1570,3063.11,19,10,5
148,-1570,3063.35,19,10,5
149,-1570,3063.75,19,10,5
150,-1570,3064.21,19,10,5
151,-1570,3064.61,19,10,5
152,-1570,3064.83,19,10,5
153,-1570,3065.22,19,10,5
154,-1570,3065.66,19,10,5
155,-1570,3066.05,19,10,5
156,-1570,3066.27,19,10,5
157,-1569,3066.65,19,10,5
157,-1569,3067.07,19,10,5
159,-1569,3067.45,19,10,5
159,-1569,3067.66,19,10,5
160,-1569,3068.03,19,10,5
161,-1568,3068.43,19,10,5
162,-1568,3068.79,19,10,5
162,-1568,3069,19,10,5
163,-1568,3069.36,19,10,5
163,-1568,3069.75,19,10,5
164,-1567,3070.11,19,10,5
165,-1567,3070.3,19,10,5
166,-1567,3070.65,19,10,5
166,-1567,3071.03,19,10,5
167,-1566,3071.37,19,10,5
167,-1566,3071.56,19,10,5
168,-1566,3071.9,19,10,5
168,-1566,3072.26,19,10,5
169,-1565,3072.59,19,10,5
169,-1565,3072.76,19,10,5
170,-1565,3073.09,19,10,5
170,-1565,3073.43,19,10,5
171,-1565,3073.75,19,10,5
171,-1565,3073.92,19,10,5
171,-1564,3074.23,19,10,5
171,-1564,3074.55,19,10,5
172,-1564,3074.86,19,10,5
172,-1564,3075.02,19,10,5
172,-1564,3075.32,19,10,5
172,-1564,3075.63,19,10,5
173,-1564,3075.92,19,10,5
172,-1564,3076.08,19,10,5
173,-1564,3076.37,19,10,5
173,-1564,3076.93,19,10,5
173,-1563,3077.21,19,10,5
173,-1563,3077.36,19,10,5
174,-1563,3077.64,19,10,5
173,-1563,3078.17,19,10,5
174,-1563,3078.44,19,10,5
174,-1563,3078.58,19,10,5
174,-1563,3078.85,19,10,5
174,-1563,3079.36,19,10,5
174,-1563,3079.62,19,10,5
174,-1563,3079.75,19,10,5
174,-1563,3080.01,19,10,5
174,-1563,3080.49,19,10,5
175,-1563,3080.74,19,10,5
174,-1563,3080.86,19,10,5
175,-1563,3081.11,19,10,5
175,-1563,3081.57,19,10,5
175,-1563,3081.81,19,10,5
175,-1563,3081.92,19,10,5
175,-1563,3082.16,19,10,5
175,-1563,3082.6,19,10,5
175,-1563,3082.83,19,10,5
175,-1563,3082.93,19,10,5
175,-1563,3083.15,19,10,5
175,-1563,3083.57,19,10,5
175,-1563,3083.79,19,10,5
175,-1563,3083.89,19,10,5
175,-1563,3084.1,19,10,5
175,-1563,3084.5,19,10,5
175,-1563,3084.71,19,10,5
175,-1563,3084.8,19,10,5
175,-1563,3084.99,19,10,5
175,-1563,3085.38,19,10,5
175,-1563,3085.57,19,10,5
174,-1563,3085.65,19,10,5
175,-1563,3085.84,19,10,5
174,-1564,3086.2,19,10,5
174,-1563,3086.38,19,10,5
174,-1564,3086.45,19,10,5
174,-1564,3086.62,19,10,5
174,-1564,3086.96,19,10,5
174,-1564,3087.13,19,10,5
173,-1564,3087.19,19,10,5
173,-1564,3087.35,19,10,5
173,-1564,3087.67,19,10,5
172,-1564,3087.83,19,10,5
172,-1564,3087.88,19,10,5
172,-1564,3088.03,19,10,5
171,-1564,3088.33,19,10,5
171,-1564,3088.47,19,10,5
170,-1564,3088.51,19,10,5
170,-1565,3088.64,19,10,5
169,-1565,3088.92,19,10,5
169,-1565,3089.05,19,10,5
168,-1565,3089.09,19,10,5
167,-1565,3089.21,19,10,5
167,-1566,3089.47,19,10,5
166,-1566,3089.59,19,10,5
165,-1566,3089.62,19,10,5
165,-1566,3089.73,19,10,5
164,-1566,3089.98,19,10,5
163,-1567,3090.08,19,10,5
163,-1567,3090.1,19,10,5
162,-1567,3090.2,19,10,5
161,-1567,3090.43,19,10,5
161,-1567,3090.52,19,10,5
160,-1568,3090.53,19,10,5
159,-1568,3090.61,19,10,5
158,-1568,3090.83,19,10,5
157,-1568,3090.91,19,10,5
156,-1568,3090.91,19,10,5
156,-1568,3090.98,19,10,5
155,-1569,3091.18,19,10,5
154,-1569,3091.24,19,10,5
153,-1569,3091.24,19,10,5
152,-1569,3091.3,19,10,5
151,-1569,3091.48,19,10,5
150,-1569,3091.53,19,10,5
149,-1569,3091.52,19,10,5
148,-1569,3091.57,19,10,5
147,-1569,3092.04,19,10,5
147,-1569,3092.09,19,10,5
146,-1569,3092.07,19,10,5
145,-1569,3092.11,19,10,5
144,-1569,3092.56,19,10,5
143,-1568,3092.6,19,10,5
142,-1568,3092.57,19,10,5
141,-1568,3092.6,19,10,5
140,-1568,3093.03,19,10,5
139,-1568,3093.05,19,10,5
138,-1568,3093.02,19,10,5
138,-1568,3093.04,19,10,5
137,-1568,3093.44,19,10,5
136,-1568,3093.46,19,10,5
135,-1568,3093.42,19,10,5
135,-1568,3093.43,19,10,5
134,-1567,3093.82,19,10,5
133,-1567,3093.82,19,10,5
132,-1567,3093.78,19,10,5
132,-1567,3093.78,19,10,5
131,-1567,3094.15,19,10,5
130,-1567,3094.15,19,10,5
130,-1567,3094.09,19,10,5
129,-1568,3094.09,19,10,5
128,-1568,3094.43,19,10,5
128,-1568,3094.42,19,10,5
127,-1568,3094.37,19,10,5
126,-1568,3094.35,19,10,5
126,-1568,3094.68,19,10,5
125,-1568,3094.66,19,10,5
124,-1568,3094.59,19,10,5
124,-1569,3094.57,19,10,5
123,-1569,3094.87,19,10,5
123,-1569,3094.85,19,10,5
122,-1569,3094.78,19,10,5
121,-1569,3094.75,19,10,5
121,-1570,3095.03,19,10,5
120,-1570,3094.99,19,10,5
119,-1570,3094.92,19,10,5
118,-1571,3094.88,19,10,5
118,-1571,3095.14,19,10,5
117,-1571,3095.09,19,10,5
116,-1571,3095.01,19,10,5
115,-1572,3094.96,19,10,5
115,-1572,3095.21,19,10,5
114,-1572,3095.15,19,10,5
113,-1573,3095.06,19,10,5
112,-1573,3095,19,10,5
111,-1573,3095.23,19,10,5
110,-1574,3095.16,19,10,5
109,-1574,3095.07,19,10,5
108,-1574,3095,19,10,5
107,-1575,3095.21,19,10,5
106,-1575,3095.14,19,10,5
105,-1575,3095.04,19,10,5
104,-1576,3094.96,19,10,5
103,-1576,3095.15,19,10,5
102,-1576,3095.07,19,10,5
101,-1577,3094.97,19,10,5
100,-1577,3094.88,19,10,5
99,-1577,3095.06,19,10,5
98,-1578,3094.98,19,10,5
97,-1578,3094.87,19,10,5
96,-1578,3094.78,19,10,5
95,-1579,3094.94,19,10,5
94,-1579,3094.84,19,10,5
93,-1579,3094.73,19,10,5
92,-1580,3094.63,19,10,5
91,-1580,3094.78,19,10,5
90,-1580,3094.68,19,10,5
89,-1581,3094.56,19,10,5
87,-1581,3094.46,19,10,5
86,-1582,3094.59,19,10,5
85,-1582,3094.48,19,10,5
84,-1582,3094.36,19,10,5
83,-1583,3094.24,19,10,5
82,-1583,3094.37,19,10,5
81,-1583,3094.25,19,10,5
80,-1584,3094.12,19,10,5
79,-1584,3094,19,10,5
78,-1584,3094.42,19,10,5
76,-1585,3094.3,19,10,5
75,-1585,3094.17,19,10,5
74,-1585,3094.04,19,10,5
73,-1586,3094.44,19,10,5
72,-1586,3094.31,19,10,5
71,-1587,3094.18,19,10,5
70,-1587,3094.04,19,10,5
69,-1587,3094.42,19,10,5
67,-1588,3094.29,19,10,5
66,-1588,3094.15,19,10,5
65,-1588,3094.01,19,10,5
64,-1589,3094.37,19,10,5
63,-1589,3094.23,19,10,5
62,-1589,3094.08,19,10,5
61,-1590,3093.94,19,10,5
60,-1590,3094.28,19,10,5
59,-1591,3094.14,19,10,5
58,-1591,3093.99,19,10,5
57,-1591,3093.84,19,10,5
56,-1592,3094.16,19,10,5
55,-1592,3094.01,19,10,5
54,-1593,3093.86,19,10,5
53,-1593,3093.71,19,10,5
52,-1593,3094.01,19,10,5
51,-1594,3093.86,19,10,5
50,-1594,3093.7,19,10,5
49,-1594,3093.54,19,10,5
48,-1595,3093.83,19,10,5
47,-1595,3093.67,19,10,5
47,-1595,3093.51,19,10,5
45,-1596,3093.35,19,10,5
45,-1596,3093.62,19,10,5
44,-1596,3093.45,19,10,5
43,-1596,3093.29,19,10,5
42,-1597,3093.12,19,10,5
41,-1597,3093.37,19,10,5
40,-1597,3093.2,19,10,5
39,-1597,3093.05,19,10,5
38,-1598,3092.87,19,10,5
37,-1598,3093.11,19,10,5
36,-1598,3092.93,19,10,5
35,-1598,3092.77,19,10,5
34,-1598,3092.59,19,10,5
33,-1599,3092.81,19,10,5
32,-1599,3092.63,19,10,5
31,-1599,3092.47,19,10,5
30,-1599,3092.29,19,10,5
29,-1599,3092.49,19,10,5
28,-1599,3092.31,19,10,5
28,-1599,3092.15,19,10,5
27,-1600,3091.98,19,10,5
26,-1600,3092.15,19,10,5
25,-1600,3091.99,19,10,5
24,-1600,3091.8,19,10,5
23,-1600,3091.64,19,10,5
22,-1601,3091.8,19,10,5
22,-1601,3091.63,19,10,5
21,-1601,3091.45,19,10,5
20,-1601,3091.28,19,10,5
19,-1602,3091.43,19,10,5
18,-1602,3091.26,19,10,5
17,-1602,3091.07,19,10,5
17,-1603,3090.9,19,10,5
16,-1603,3091.04,19,10,5
15,-1603,3090.87,19,10,5
14,-1604,3090.68,19,10,5
13,-1604,3090.51,19,10,5
12,-1604,3090.63,19,10,5
12,-1604,3090.46,19,10,5
11,-1605,3090.27,19,10,5
10,-1605,3090.1,19,10,5
9,-1606,3090.21,19,10,5
9,-1606,3090.04,19,10,5
8,-1606,3089.84,19,10,5
7,-1607,3089.67,19,10,5
6,-1607,3089.77,19,10,5
5,-1607,3089.59,19,10,5
4,-1608,3089.4,19,10,5
4,-1608,3089.23,19,10,5
3,-1608,3089.59,19,10,5
2,-1608,3089.42,19,10,5
1,-1609,3089.23,19,10,5
1,-1609,3089.05,19,10,5
0,-1609,3089.4,19,10,5
0,-1609,3089.22,19,10,5
-1,-1610,3089.02,19,10,5
-1,-1610,3088.85,19,10,5
-2,-1610,3089.17,19,10,5
-3,-1610,3089,19,10,5
-4,-1610,3088.8,19,10,5
-5,-1611,3088.63,19,10,5
-6,-1611,3088.93,19,10,5
-6,-1611,3088.76,19,10,5
-7,-1611,3088.56,19,10,5
-8,-1611,3088.38,19,10,5
-9,-1611,3088.67,19,10,5
-9,-1612,3088.5,19,10,5
-10,-1612,3088.3,19,10,5
-11,-1612,3088.12,19,10,5
-12,-1612,3088.4,19,10,5
-12,-1612,3088.22,19,10,5
-13,-1612,3088.02,19,10,5
-14,-1613,3087.84,19,10,5
-15,-1613,3088.1,19,10,5
-16,-1613,3087.92,19,10,5
-16,-1613,3087.72,19,10,5
-17,-1613,3087.55,19,10,5
-18,-1613,3087.79,19,10,5
-18,-1613,3087.62,19,10,5
-19,-1614,3087.42,19,10,5
-20,-1614,3087.24,19,10,5
-21,-1614,3087.47,19,10,5
-21,-1614,3087.29,19,10,5
-22,-1614,3087.09,19,10,5
-22,-1614,3086.92,19,10,5
-23,-1614,3087.14,19,10,5
-24,-1614,3086.97,19,10,5
-24,-1614,3086.77,19,10,5
-25,-1615,3086.6,19,10,5
-25,-1615,3086.8,19,10,5
-26,-1615,3086.63,19,10,5
-26,-1615,3086.43,19,10,5
-27,-1615,3086.26,19,10,5
-28,-1615,3086.44,19,10,5
-28,-1615,3086.27,19,10,5
-29,-1615,3086.07,19,10,5
-29,-1616,3085.9,19,10,5
-30,-1616,3086.07,19,10,5
-30,-1616,3085.9,19,10,5
-31,-1616,3085.7,19,10,5
-32,-1616,3085.53,19,10,5
-32,-1616,3085.69,19,10,5
-33,-1617,3085.52,19,10,5
-33,-1617,3085.32,19,10,5
-34,-1617,3085.15,19,10,5
-35,-1617,3085.3,19,10,5
-35,-1618,3085.13,19,10,5
-36,-1618,3084.93,19,10,5
-36,-1618,3084.76,19,10,5
-37,-1618,3084.91,19,10,5
-38,-1618,3084.74,19,10,5
-38,-1619,3084.54,19,10,5
-39,-1619,3084.37,19,10,5
-40,-1619,3084.5,19,10,5
-40,-1619,3084.33,19,10,5
-41,-1620,3084.13,19,10,5
-42,-1620,3083.96,19,10,5
-42,-1620,3084.08,19,10,5
-43,-1620,3083.91,19,10,5
-44,-1621,3083.72,19,10,5
-44,-1621,3083.55,19,10,5
-45,-1621,3083.66,19,10,5
-45,-1621,3083.49,19,10,5
-46,-1622,3083.3,19,10,5
-47,-1622,3083.13,19,10,5
-47,-1622,3083.23,19,10,5
-48,-1622,3083.07,19,10,5
-48,-1622,3082.88,19,10,5
-49,-1623,3082.71,19,10,5
-50,-1623,3083.05,19,10,5
-50,-1623,3082.89,19,10,5
-50,-1623,3082.7,19,10,5
-51,-1623,3082.54,19,10,5
-51,-1623,3082.86,19,10,5
-52,-1624,3082.7,19,10,5
-52,-1624,3082.51,19,10,5
-53,-1624,3082.35,19,10,5
-53,-1624,3082.66,19,10,5
-53,-1624,3082.5,19,10,5
-54,-1624,3082.31,19,10,5
-54,-1624,3082.15,19,10,5
-54,-1624,3082.45,19,10,5
-55,-1624,3082.29,19,10,5
-55,-1624,3082.1,19,10,5
-55,-1624,3081.94,19,10,5
-56,-1624,3082.23,19,10,5
-56,-1624,3082.07,19,10,5
-56,-1625,3081.89,19,10,5
-56,-1625,3081.74,19,10,5
-57,-1625,3082.01,19,10,5
-57,-1625,3081.85,19,10,5
-57,-1625,3081.68,19,10,5
-57,-1625,3081.52,19,10,5
-57,-1625,3081.78,19,10,5
-57,-1625,3081.63,19,10,5
-57,-1625,3081.46,19,10,5
-57,-1625,3081.31,19,10,5
-58,-1625,3081.55,19,10,5
-58,-1625,3081.4,19,10,5
-58,-1625,3081.23,19,10,5
-58,-1625,3081.08,19,10,5
-58,-1625,3081.31,19,10,5
-58,-1625,3081.16,19,10,5
-59,-1625,3080.99,19,10,5
-59,-1625,3080.84,19,10,5
-59,-1625,3081.06,19,10,5
-59,-1625,3080.91,19,10,5
-59,-1625,3080.74,19,10,5
-59,-1625,3080.59,19,10,5
-60,-1625,3080.81,19,10,5
-60,-1625,3080.66,19,10,5
-60,-1625,3080.49,19,10,5
-60,-1625,3080.35,19,10,5
-60,-1625,3080.55,19,10,5
-60,-1625,3080.4,19,10,5
-61,-1625,3080.24,19,10,5
-61,-1625,3080.1,19,10,5
-61,-1625,3080.29,19,10,5
-61,-1625,3080.15,19,10,5
-61,-1625,3079.99,19,10,5
-61,-1625,3079.85,19,10,5
-61,-1625,3080.03,19,10,5
-61,-1625,3079.89,19,10,5
-61,-1625,3079.73,19,10,5
-61,-1625,3079.59,19,10,5
-62,-1625,3079.77,19,10,5
-62,-1625,3079.63,19,10,5
-62,-1625,3079.48,19,10,5
-62,-1625,3079.34,19,10,5
-62,-1625,3079.51,19,10,5
-62,-1625,3079.37,19,10,5
-62,-1625,3079.21,19,10,5
-62,-1625,3079.08,19,10,5
-62,-1624,3079.23,19,10,5
-62,-1624,3079.1,19,10,5
-63,-1624,3078.95,19,10,5
-63,-1624,3078.81,19,10,5
-63,-1624,3078.96,19,10,5
-63,-1624,3078.83,19,10,5
-63,-1624,3078.68,19,10,5
-63,-1624,3078.55,19,10,5
-63,-1623,3078.69,19,10,5
-63,-1623,3078.56,19,10,5
-64,-1623,3078.42,19,10,5
-64,-1623,3078.29,19,10,5
-64,-1623,3078.43,19,10,5
-64,-1623,3078.3,19,10,5
-64,-1623,3078.16,19,10,5
-64,-1623,3078.03,19,10,5
-64,-1623,3078.34,19,10,5
-64,-1623,3078.22,19,10,5
-64,-1624,3078.08,19,10,5
-63,-1624,3077.96,19,10,5
-63,-1624,3078.27,19,10,5
-63,-1624,3078.15,19,10,5
-63,-1624,3078.01,19,10,5
-63,-1624,3077.89,19,10,5
-62,-1624,3078.19,19,10,5
-62,-1625,3078.07,19,10,5
-62,-1625,3077.94,19,10,5
-61,-1625,3077.83,19,10,5
-61,-1625,3078.11,19,10,5
-61,-1625,3078,19,10,5
-60,-1625,3077.88,19,10,5
-60,-1625,3077.76,19,10,5
-59,-1626,3078.04,19,10,5
-59,-1626,3077.93,19,10,5
-58,-1626,3077.81,19,10,5
-58,-1626,3077.7,19,10,5
-57,-1626,3077.97,19,10,5
-57,-1627,3077.86,19,10,5
-56,-1627,3077.74,19,10,5
-56,-1627,3077.64,19,10,5
-56,-1627,3077.89,19,10,5
-55,-1627,3077.79,19,10,5
-55,-1628,3077.67,19,10,5
-54,-1628,3077.57,19,10,5
-54,-1628,3077.81,19,10,5
-53,-1628,3077.71,19,10,5
-53,-1628,3077.6,19,10,5
-53,-1629,3077.49,19,10,5
-52,-1629,3077.74,19,10,5
-52,-1629,3077.63,19,10,5
-51,-1629,3077.53,19,10,5
-51,-1629,3077.43,19,10,5
-51,-1629,3077.66,19,10,5
-50,-1630,3077.56,19,10,5
-50,-1630,3077.46,19,10,5
-49,-1630,3077.36,19,10,5
-49,-1630,3077.58,19,10,5
-48,-1630,3077.48,19,10,5
-48,-1630,3077.38,19,10,5
-48,-1630,3077.29,19,10,5
-47,-1630,3077.5,19,10,5
-47,-1631,3077.4,19,10,5
-47,-1631,3077.3,19,10,5
-46,-1631,3077.21,19,10,5
-46,-1631,3077.42,19,10,5
-46,-1631,3077.32,19,10,5
-45,-1632,3077.23,19,10,5
-45,-1632,3077.14,19,10,5
-45,-1632,3077.34,19,10,5
-44,-1632,3077.25,19,10,5
-44,-1633,3077.16,19,10,5
-43,-1633,3077.07,19,10,5
-43,-1633,3077.27,19,10,5
-43,-1633,3077.18,19,10,5
-42,-1634,3077.09,19,10,5
-42,-1634,3077,19,10,5
-42,-1634,3077.19,19,10,5
-41,-1635,3077.1,19,10,5
-41,-1635,3077.02,19,10,5
-41,-1635,3076.93,19,10,5
-41,-1636,3077.11,19,10,5
-40,-1636,3077.03,19,10,5
-40,-1636,3076.95,19,10,5
-39,-1637,3076.87,19,10,5
-39,-1637,3077.05,19,10,5
-39,-1638,3076.97,19,10,5
-38,-1638,3076.89,19,10,5
-38,-1638,3076.81,19,10,5
-37,-1639,3076.99,19,10,5
-37,-1639,3076.91,19,10,5
-36,-1640,3076.84,19,10,5
-36,-1640,3076.76,19,10,5
-35,-1640,3076.93,19,10,5
-35,-1641,3076.86,19,10,5
-34,-1641,3076.79,19,10,5
-33,-1641,3076.71,19,10,5
-33,-1642,3077.08,19,10,5
-32,-1642,3077,19,10,5
-32,-1642,3076.94,19,10,5
-31,-1643,3076.87,19,10,5
-31,-1643,3077.22,19,10,5
-30,-1643,3077.15,19,10,5
-29,-1643,3077.09,19,10,5
-29,-1644,3077.02,19,10,5
-28,-1644,3077.36,19,10,5
-27,-1644,3077.29,19,10,5
-27,-1644,3077.24,19,10,5
-26,-1644,3077.17,19,10,5
-25,-1644,3077.5,19,10,5
-25,-1644,3077.43,19,10,5
-24,-1644,3077.38,19,10,5
-23,-1644,3077.31,19,10,5
-23,-1644,3077.64,19,10,5
-22,-1644,3077.58,19,10,5
-21,-1644,3077.52,19,10,5
-21,-1644,3077.46,19,10,5
-20,-1644,3077.77,19,10,5
-19,-1644,3077.71,19,10,5
-19,-1644,3077.67,19,10,5
-18,-1644,3077.6,19,10,5
-17,-1643,3077.91,19,10,5
-17,-1643,3077.85,19,10,5
-16,-1643,3077.8,19,10,5
-16,-1643,3077.74,19,10,5
-15,-1643,3078.04,19,10,5
-14,-1643,3077.98,19,10,5
-14,-1643,3077.93,19,10,5
-13,-1642,3077.88,19,10,5
-13,-1642,3078.16,19,10,5
-12,-1642,3078.1,19,10,5
-11,-1642,3078.06,19,10,5
-11,-1642,3078,19,10,5
-10,-1642,3078.28,19,10,5
-10,-1642,3078.22,19,10,5
-9,-1641,3078.18,19,10,5
-9,-1641,3078.13,19,10,5
-8,-1641,3078.4,19,10,5
-8,-1641,3078.34,19,10,5
-7,-1641,3078.31,19,10,5
-7,-1641,3078.26,19,10,5
-6,-1641,3078.52,19,10,5
-6,-1640,3078.46,19,10,5
-5,-1640,3078.43,19,10,5
-5,-1640,3078.38,19,10,5
-4,-1640,3078.63,19,10,5
-4,-1640,3078.58,19,10,5
-3,-1640,3078.54,19,10,5
-3,-1640,3078.49,19,10,5
-2,-1640,3078.73,19,10,5
-2,-1640,3078.68,19,10,5
-1,-1640,3078.66,19,10,5
-1,-1640,3078.61,19,10,5
0,-1640,3078.84,19,10,5
0,-1640,3078.79,19,10,5
0,-1640,3078.77,19,10,5
0,-1640,3078.72,19,10,5
0,-1640,3078.95,19,10,5
1,-1640,3078.9,19,10,5
1,-1640,3078.88,19,10,5
1,-1640,3078.83,19,10,5
2,-1640,3079.05,19,10,5
2,-1640,3079,19,10,5
3,-1640,3078.98,19,10,5
3,-1640,3078.93,19,10,5
3,-1641,3079.15,19,10,5
4,-1641,3079.1,19,10,5
4,-1641,3079.08,19,10,5
5,-1641,3079.04,19,10,5
5,-1641,3079.24,19,10,5
5,-1641,3079.2,19,10,5
6,-1641,3079.18,19,10,5
6,-1641,3079.14,19,10,5
7,-1641,3079.34,19,10,5
7,-1641,3079.29,19,10,5
7,-1641,3079.27,19,10,5
8,-1641,3079.23,19,10,5
8,-1641,3079.57,19,10,5
8,-1641,3079.53,19,10,5
9,-1641,3079.51,19,10,5
9,-1641,3079.47,19,10,5
9,-1641,3079.81,19,10,5
10,-1641,3079.76,19,10,5
10,-1641,3079.74,19,10,5
10,-1641,3079.7,19,10,5
11,-1641,3080.03,19,10,5
11,-1641,3079.98,19,10,5
11,-1641,3079.97,19,10,5
12,-1641,3079.92,19,10,5
12,-1641,3080.24,19,10,5
12,-1641,3080.2,19,10,5
13,-1641,3080.18,19,10,5
13,-1641,3080.14,19,10,5
13,-1641,3080.45,19,10,5
14,-1640,3080.41,19,10,5
14,-1640,3080.39,19,10,5
14,-1640,3080.35,19,10,5
15,-1640,3080.65,19,10,5
15,-1640,3080.61,19,10,5
16,-1640,3080.6,19,10,5
16,-1640,3080.56,19,10,5
16,-1640,3080.85,19,10,5
17,-1640,3080.81,19,10,5
17,-1640,3080.8,19,10,5
18,-1640,3080.76,19,10,5
18,-1640,3081.04,19,10,5
19,-1640,3081,19,10,5
19,-1640,3080.99,19,10,5
20,-1640,3080.95,19,10,5
20,-1640,3081.22,19,10,5
20,-1640,3081.18,19,10,5
21,-1640,3081.17,19,10,5
21,-1640,3081.14,19,10,5
22,-1640,3081.4,19,10,5
22,-1640,3081.36,19,10,5
23,-1640,3081.35,19,10,5
23,-1640,3081.31,19,10,5
23,-1640,3081.56,19,10,5
24,-1640,3081.52,19,10,5
24,-1640,3081.51,19,10,5
24,-1641,3081.47,19,10,5
25,-1641,3081.71,19,10,5
25,-1641,3081.68,19,10,5
25,-1641,3081.67,19,10,5
26,-1641,3081.63,19,10,5
26,-1641,3081.86,19,10,5
26,-1641,3081.82,19,10,5
27,-1641,3081.81,19,10,5
27,-1641,3081.77,19,10,5
27,-1641,3082,19,10,5
27,-1641,3081.96,19,10,5
28,-1641,3081.95,19,10,5
28,-1642,3081.91,19,10,5
28,-1642,3082.13,19,10,5
28,-1642,3082.09,19,10,5
29,-1642,3082.08,19,10,5
29,-1643,3082.04,19,10,5
29,-1643,3082.25,19,10,5
29,-1643,3082.21,19,10,5
30,-1644,3082.2,19,10,5
30,-1644,3082.16,19,10,5
30,-1645,3082.36,19,10,5
30,-1645,3082.33,19,10,5
30,-1646,3082.32,19,10,5
30,-1646,3082.28,19,10,5
31,-1646,3082.47,19,10,5
31,-1647,3082.43,19,10,5
31,-1647,3082.42,19,10,5
31,-1648,3082.38,19,10,5
31,-1648,3082.56,19,10,5
31,-1649,3082.52,19,10,5
31,-1649,3082.51,19,10,5
31,-1650,3082.47,19,10,5
31,-1650,3082.64,19,10,5
31,-1650,3082.6,19,10,5
32,-1651,3082.59,19,10,5
31,-1651,3082.55,19,10,5
32,-1651,3082.87,19,10,5
31,-1652,3082.83,19,10,5
31,-1652,3082.81,19,10,5
31,-1652,3082.77,19,10,5
31,-1653,3083.08,19,10,5
31,-1653,3083.03,19,10,5
31,-1653,3083.02,19,10,5
31,-1654,3082.97,19,10,5
31,-1654,3083.27,19,10,5
31,-1654,3083.23,19,10,5
31,-1654,3083.21,19,10,5
31,-1655,3083.17,19,10,5
31,-1655,3083.45,19,10,5
31,-1655,3083.41,19,10,5
31,-1656,3083.39,19,10,5
31,-1656,3083.34,19,10,5
31,-1656,3083.62,19,10,5
31,-1657,3083.58,19,10,5
31,-1657,3083.56,19,10,5
31,-1657,3083.51,19,10,5
31,-1658,3083.78,19,10,5
31,-1658,3083.74,19,10,5
31,-1658,3083.72,19,10,5
31,-1658,3083.68,19,10,5
31,-1659,3083.93,19,10,5
31,-1659,3083.89,19,10,5
31,-1659,3083.87,19,10,5
31,-1660,3083.82,19,10,5
32,-1660,3084.07,19,10,5
32,-1660,3084.02,19,10,5
32,-1660,3084,19,10,5
32,-1661,3083.96,19,10,5
32,-1661,3084.19,19,10,5
32,-1661,3084.14,19,10,5
32,-1661,3084.12,19,10,5
33,-1661,3084.08,19,10,5
33,-1662,3084.3,19,10,5
33,-1662,3084.26,19,10,5
33,-1662,3084.24,19,10,5
33,-1662,3084.19,19,10,5
33,-1663,3084.4,19,10,5
33,-1663,3084.36,19,10,5
34,-1663,3084.33,19,10,5
34,-1663,3084.29,19,10,5
34,-1664,3084.49,19,10,5
34,-1664,3084.44,19,10,5
34,-1664,3084.42,19,10,5
34,-1664,3084.37,19,10,5
35,-1665,3084.57,19,10,5
35,-1665,3084.52,19,10,5
35,-1665,3084.5,19,10,5
35,-1666,3084.45,19,10,5
35,-1666,3084.64,19,10,5
35,-1666,3084.59,19,10,5
35,-1667,3084.56,19,10,5
36,-1667,3084.52,19,10,5
36,-1667,3084.7,19,10,5
36,-1667,3084.65,19,10,5
36,-1668,3084.63,19,10,5
36,-1668,3084.58,19,10,5
37,-1668,3084.76,19,10,5
37,-1669,3084.71,19,10,5
37,-1669,3084.68,19,10,5
37,-1669,3084.64,19,10,5
38,-1670,3084.8,19,10,5
38,-1670,3084.75,19,10,5
38,-1670,3084.73,19,10,5
38,-1670,3084.68,19,10,5
38,-1671,3084.83,19,10,5
38,-1671,3084.78,19,10,5
39,-1671,3084.75,19,10,5
39,-1671,3084.7,19,10,5
39,-1671,3084.83,19,10,5
39,-1672,3084.82,19,10,5
39,-1672,3084.77,19,10,5
39,-1672,3084.74,19,10,5
39,-1672,3084.86,19,10,5
39,-1672,3084.83,19,10,5
39,-1672,3084.78,19,10,5
39,-1673,3084.75,19,10,5
39,-1673,3085.03,19,10,5
40,-1673,3085,19,10,5
40,-1673,3084.94,19,10,5
40,-1673,3084.91,19,10,5
40,-1673,3085.18,19,10,5
40,-1673,3085.15,19,10,5
40,-1673,3085.09,19,10,5
40,-1673,3085.06,19,10,5
40,-1673,3085.31,19,10,5
40,-1673,3085.28,19,10,5
40,-1673,3085.22,19,10,5
40,-1674,3085.19,19,10,5
39,-1674,3085.43,19,10,5
40,-1674,3085.4,19,10,5
39,-1674,3085.34,19,10,5
40,-1673,3085.31,19,10,5
39,-1673,3085.54,19,10,5
40,-1673,3085.51,19,10,5
40,-1673,3085.45,19,10,5
40,-1673,3085.42,19,10,5
40,-1673,3085.64,19,10,5
40,-1673,3085.61,19,10,5
40,-1673,3085.55,19,10,5
40,-1673,3085.51,19,10,5
40,-1672,3085.72,19,10,5
40,-1672,3085.68,19,10,5
40,-1672,3085.63,19,10,5
40,-1672,3085.59,19,10,5
40,-1672,3085.79,19,10,5
40,-1672,3085.75,19,10,5
40,-1671,3085.69,19,10,5
40,-1671,3085.65,19,10,5
40,-1671,3085.84,19,10,5
40,-1671,3085.8,19,10,5
40,-1671,3085.74,19,10,5
40,-1671,3085.7,19,10,5
40,-1671,3085.89,19,10,5
40,-1671,3085.85,19,10,5
40,-1671,3085.79,19,10,5
40,-1670,3085.75,19,10,5
40,-1670,3085.92,19,10,5
40,-1670,3085.88,19,10,5
40,-1670,3085.82,19,10,5
40,-1670,3085.78,19,10,5
40,-1670,3085.94,19,10,5
40,-1670,3085.9,19,10,5
40,-1670,3085.84,19,10,5
40,-1670,3085.8,19,10,5
41,-1670,3085.96,19,10,5
41,-1670,3085.91,19,10,5
41,-1670,3085.85,19,10,5
41,-1670,3085.81,19,10,5
41,-1670,3085.96,19,10,5
41,-1670,3085.92,19,10,5
41,-1670,3085.86,19,10,5
41,-1671,3085.81,19,10,5
41,-1671,3085.95,19,10,5
41,-1671,3085.91,19,10,5
41,-1671,3085.84,19,10,5
41,-1671,3085.8,19,10,5
41,-1671,3085.93,19,10,5
41,-1671,3085.88,19,10,5
41,-1671,3085.82,19,10,5
41,-1671,3085.77,19,10,5
41,-1671,3085.89,19,10,5
41,-1671,3085.84,19,10,5
40,-1671,3085.78,19,10,5
40,-1671,3085.73,19,10,5
40,-1672,3085.85,19,10,5
40,-1672,3085.8,19,10,5
40,-1672,3085.73,19,10,5
40,-1672,3085.68,19,10,5
40,-1672,3085.79,19,10,5
40,-1672,3085.74,19,10,5
40,-1672,3085.68,19,10,5
39,-1672,3085.63,19,10,5
39,-1672,3085.73,19,10,5
39,-1672,3085.68,19,10,5
39,-1672,3085.61,19,10,5
39,-1672,3085.56,19,10,5
39,-1673,3085.8,19,10,5
39,-1673,3085.74,19,10,5
38,-1673,3085.68,19,10,5
38,-1673,3085.62,19,10,5
38,-1673,3085.86,19,10,5
38,-1673,3085.8,19,10,5
38,-1672,3085.73,19,10,5
38,-1672,3085.68,19,10,5
38,-1672,3085.9,19,10,5
37,-1672,3085.84,19,10,5
37,-1672,3085.77,19,10,5
37,-1672,3085.71,19,10,5
37,-1672,3085.92,19,10,5
37,-1672,3085.86,19,10,5
36,-1672,3085.79,19,10,5
36,-1671,3085.73,19,10,5
36,-1671,3085.93,19,10,5
36,-1671,3085.87,19,10,5
36,-1671,3085.8,19,10,5
36,-1671,3085.74,19,10,5
35,-1671,3085.93,19,10,5
35,-1670,3085.87,19,10,5
35,-1670,3085.8,19,10,5
35,-1670,3085.74,19,10,5
35,-1670,3085.92,19,10,5
34,-1670,3085.86,19,10,5
34,-1670,3085.78,19,10,5
34,-1670,3085.72,19,10,5
34,-1670,3085.89,19,10,5
33,-1669,3085.82,19,10,5
33,-1669,3085.75,19,10,5
33,-1669,3085.69,19,10,5
33,-1669,3085.85,19,10,5
32,-1669,3085.78,19,10,5
32,-1669,3085.71,19,10,5
32,-1669,3085.64,19,10,5
32,-1669,3085.79,19,10,5
31,-1669,3085.73,19,10,5
31,-1669,3085.65,19,10,5
31,-1669,3085.58,19,10,5
31,-1668,3085.73,19,10,5
30,-1668,3085.66,19,10,5
30,-1668,3085.58,19,10,5
30,-1668,3085.51,19,10,5
30,-1668,3085.64,19,10,5
29,-1668,3085.57,19,10,5
29,-1668,3085.5,19,10,5
29,-1668,3085.43,19,10,5
28,-1668,3085.55,19,10,5
28,-1668,3085.48,19,10,5
28,-1668,3085.4,19,10,5
28,-1668,3085.33,19,10,5
27,-1668,3085.45,19,10,5
27,-1668,3085.38,19,10,5
27,-1667,3085.3,19,10,5
27,-1667,3085.22,19,10,5
26,-1667,3085.34,19,10,5
26,-1667,3085.27,19,10,5
26,-1667,3085.19,19,10,5
26,-1667,3085.11,19,10,5
25,-1667,3085.22,19,10,5
25,-1667,3085.15,19,10,5
25,-1667,3085.07,19,10,5
25,-1667,3084.99,19,10,5
24,-1667,3085.09,19,10,5
24,-1667,3085.01,19,10,5
24,-1668,3084.93,19,10,5
24,-1668,3084.86,19,10,5
24,-1668,3084.95,19,10,5
23,-1668,3084.87,19,10,5
23,-1668,3084.79,19,10,5
23,-1668,3084.72,19,10,5
23,-1668,3084.8,19,10,5
22,-1669,3084.73,19,10,5
22,-1669,3084.64,19,10,5
22,-1669,3084.57,19,10,5
22,-1669,3084.65,19,10,5
22,-1669,3084.57,19,10,5
22,-1669,3084.49,19,10,5
21,-1669,3084.41,19,10,5
21,-1670,3084.62,19,10,5
21,-1670,3084.54,19,10,5
21,-1670,3084.46,19,10,5
21,-1670,3084.39,19,10,5
21,-1670,3084.58,19,10,5
21,-1670,3084.5,19,10,5
21,-1670,3084.42,19,10,5
20,-1670,3084.34,19,10,5
20,-1670,3084.53,19,10,5
20,-1670,3084.45,19,10,5
20,-1670,3084.36,19,10,5
20,-1670,3084.28,19,10,5
19,-1670,3084.46,19,10,5
19,-1670,3084.38,19,10,5
19,-1670,3084.29,19,10,5
19,-1670,3084.21,19,10,5
18,-1671,3084.38,19,10,5
18,-1671,3084.3,19,10,5
18,-1671,3084.21,19,10,5
18,-1671,3084.13,19,10,5
18,-1671,3084.29,19,10,5
17,-1671,3084.21,19,10,5
17,-1671,3084.12,19,10,5
17,-1671,3084.04,19,10,5
17,-1671,3084.19,19,10,5
16,-1671,3084.11,19,10,5
16,-1671,3084.03,19,10,5
16,-1671,3083.94,19,10,5
16,-1671,3084.09,19,10,5
16,-1671,3084,19,10,5
16,-1671,3083.92,19,10,5
16,-1671,3083.84,19,10,5
16,-1671,3083.97,19,10,5
15,-1671,3083.89,19,10,5
15,-1671,3083.8,19,10,5
15,-1671,3083.72,19,10,5
15,-1671,3083.85,19,10,5
15,-1671,3083.77,19,10,5
15,-1671,3083.68,19,10,5
15,-1671,3083.6,19,10,5
15,-1670,3083.72,19,10,5
15,-1670,3083.64,19,10,5
15,-1670,3083.55,19,10,5
15,-1670,3083.47,19,10,5
15,-1671,3083.58,19,10,5
15,-1671,3083.5,19,10,5
15,-1671,3083.42,19,10,5
15,-1671,3083.34,19,10,5
15,-1671,3083.44,19,10,5
15,-1671,3083.36,19,10,5
15,-1671,3083.27,19,10,5
14,-1671,3083.19,19,10,5
14,-1671,3083.28,19,10,5
14,-1671,3083.2,19,10,5
14,-1671,3083.12,19,10,5
14,-1671,3083.04,19,10,5
14,-1671,3083.13,19,10,5
14,-1671,3083.05,19,10,5
14,-1671,3082.97,19,10,5
14,-1672,3082.89,19,10,5
14,-1672,3082.97,19,10,5
14,-1672,3082.89,19,10,5
14,-1672,3082.81,19,10,5
14,-1672,3082.72,19,10,5
14,-1672,3082.8,19,10,5
14,-1672,3082.72,19,10,5
14,-1672,3082.64,19,10,5
14,-1672,3082.55,19,10,5
14,-1672,3082.63,19,10,5
14,-1673,3082.55,19,10,5
14,-1673,3082.46,19,10,5
14,-1673,3082.38,19,10,5
14,-1673,3082.45,19,10,5
13,-1673,3082.36,19,10,5
13,-1673,3082.28,19,10,5
13,-1673,3082.2,19,10,5
13,-1673,3082.26,19,10,5
13,-1673,3082.17,19,10,5
13,-1673,3082.09,19,10,5
13,-1673,3082.01,19,10,5
13,-1674,3082.19,19,10,5
12,-1674,3082.11,19,10,5
12,-1674,3082.03,19,10,5
12,-1674,3081.94,19,10,5
12,-1674,3082.12,19,10,5
12,-1674,3082.03,19,10,5
12,-1674,3081.95,19,10,5
12,-1674,3081.87,19,10,5
12,-1674,3082.03,19,10,5
11,-1674,3081.95,19,10,5
11,-1674,3081.87,19,10,5
11,-1675,3081.78,19,10,5
11,-1675,3081.94,19,10,5
11,-1675,3081.86,19,10,5
11,-1675,3081.77,19,10,5
10,-1675,3081.69,19,10,5
10,-1675,3081.84,19,10,5
10,-1675,3081.75,19,10,5
10,-1676,3081.67,19,10,5
10,-1676,3081.59,19,10,5
10,-1676,3081.73,19,10,5
9,-1676,3081.65,19,10,5
9,-1676,3081.56,19,10,5
9,-1676,3081.48,19,10,5
9,-1677,3081.61,19,10,5
9,-1677,3081.53,19,10,5
9,-1677,3081.44,19,10,5
9,-1677,3081.36,19,10,5
8,-1677,3081.49,19,10,5
8,-1677,3081.4,19,10,5
8,-1678,3081.32,19,10,5
8,-1678,3081.23,19,10,5
8,-1678,3081.35,19,10,5
8,-1678,3081.27,19,10,5
7,-1678,3081.18,19,10,5
7,-1678,3081.1,19,10,5
7,-1678,3081.21,19,10,5
7,-1678,3081.12,19,10,5
7,-1678,3081.04,19,10,5
6,-1679,3080.95,19,10,5
6,-1679,3081.06,19,10,5
6,-1679,3080.97,19,10,5
6,-1679,3080.89,19,10,5
6,-1679,3080.8,19,10,5
6,-1679,3080.9,19,10,5
5,-1679,3080.82,19,10,5
5,-1680,3080.73,19,10,5
5,-1680,3080.65,19,10,5
5,-1680,3080.74,19,10,5
5,-1680,3080.65,19,10,5
5,-1680,3080.57,19,10,5
4,-1680,3080.48,19,10,5
4,-1680,3080.57,19,10,5
4,-1680,3080.48,19,10,5
4,-1680,3080.4,19,10,5
4,-1681,3080.31,19,10,5
4,-1681,3080.39,19,10,5
3,-1681,3080.31,19,10,5
3,-1681,3080.22,19,10,5
3,-1681,3080.14,19,10,5
3,-1681,3080.21,19,10,5
3,-1681,3080.13,19,10,5
2,-1682,3080.04,19,10,5
2,-1682,3079.96,19,10,5
2,-1682,3080.03,19,10,5
2,-1682,3079.94,19,10,5
2,-1682,3079.86,19,10,5
2,-1682,3079.77,19,10,5
1,-1683,3079.83,19,10,5
1,-1683,3079.75,19,10,5
1,-1683,3079.66,19,10,5
1,-1683,3079.58,19,10,5
1,-1684,3079.64,19,10,5
0,-1684,3079.55,19,10,5
0,-1684,3079.47,19,10,5
0,-1684,3079.38,19,10,5
0,-1684,3079.43,19,10,5
0,-1685,3079.35,19,10,5
0,-1685,3079.26,19,10,5
0,-1685,3079.18,19,10,5
0,-1685,3079.37,19,10,5
0,-1686,3079.29,19,10,5
0,-1686,3079.2,19,10,5
0,-1686,3079.12,19,10,5
0,-1686,3079.3,19,10,5
0,-1686,3079.22,19,10,5
0,-1687,3079.14,19,10,5
0,-1687,3079.05,19,10,5
0,-1687,3079.23,19,10,5
0,-1687,3079.15,19,10,5
0,-1687,3079.06,19,10,5
0,-1688,3078.98,19,10,5
0,-1688,3079.15,19,10,5
0,-1688,3079.07,19,10,5
0,-1688,3078.98,19,10,5
0,-1688,3078.9,19,10,5
0,-1689,3079.06,19,10,5
0,-1689,3078.98,19,10,5
0,-1689,3078.9,19,10,5
0,-1689,3078.81,19,10,5
0,-1689,3078.97,19,10,5
0,-1689,3078.88,19,10,5
0,-1689,3078.8,19,10,5
0,-1690,3078.72,19,10,5
0,-1690,3078.86,19,10,5
0,-1690,3078.78,19,10,5
0,-1690,3078.7,19,10,5
0,-1690,3078.62,19,10,5
0,-1690,3078.75,19,10,5
0,-1690,3078.67,19,10,5
0,-1690,3078.59,19,10,5
0,-1690,3078.51,19,10,5
0,-1690,3078.63,19,10,5
0,-1690,3078.55,19,10,5
0,-1690,3078.47,19,10,5
0,-1690,3078.38,19,10,5
0,-1690,3078.5,19,10,5
-1,-1690,3078.42,19,10,5
-1,-1690,3078.34,19,10,5
-1,-1690,3078.26,19,10,5
-1,-1690,3078.37,19,10,5
-1,-1691,3078.29,19,10,5
-1,-1691,3078.21,19,10,5
-1,-1691,3078.12,19,10,5
-1,-1691,3078.23,19,10,5
-1,-1691,3078.15,19,10,5
-1,-1691,3078.07,19,10,5
-1,-1691,3077.99,19,10,5
-1,-1691,3078.09,19,10,5
-2,-1691,3078.01,19,10,5
-2,-1691,3077.92,19,10,5
-2,-1691,3077.84,19,10,5
-2,-1691,3077.94,19,10,5
-2,-1691,3077.86,19,10,5
-2,-1691,3077.77,19,10,5
-2,-1691,3077.69,19,10,5
-2,-1691,3077.78,19,10,5
-2,-1692,3077.7,19,10,5
-2,-1692,3077.62,19,10,5
-2,-1692,3077.54,19,10,5
-3,-1692,3077.62,19,10,5
-3,-1692,3077.54,19,10,5
-3,-1692,3077.46,19,10,5
-3,-1692,3077.38,19,10,5
-3,-1692,3077.45,19,10,5
-3,-1692,3077.37,19,10,5
-3,-1692,3077.29,19,10,5
-3,-1692,3077.21,19,10,5
-4,-1691,3077.28,19,10,5
-4,-1691,3077.2,19,10,5
-4,-1691,3077.12,19,10,5
-4,-1691,3077.04,19,10,5
-4,-1691,3077.11,19,10,5
-4,-1691,3077.03,19,10,5
-4,-1691,3076.94,19,10,5
-4,-1691,3076.87,19,10,5
-4,-1691,3076.93,19,10,5
-4,-1691,3076.85,19,10,5
-4,-1691,3076.77,19,10,5
-4,-1691,3076.7,19,10,5
-4,-1691,3076.89,19,10,5
-4,-1691,3076.81,19,10,5
-4,-1691,3076.73,19,10,5
-4,-1691,3076.66,19,10,5
-3,-1691,3076.84,19,10,5
-3,-1691,3076.76,19,10,5
-3,-1691,3076.69,19,10,5
-3,-1691,3076.61,19,10,5
-3,-1691,3076.78,19,10,5
-3,-1691,3076.71,19,10,5
-3,-1691,3076.63,19,10,5
-3,-1691,3076.55,19,10,5
-3,-1691,3076.72,19,10,5
-2,-1691,3076.64,19,10,5
-2,-1691,3076.57,19,10,5
-2,-1691,3076.49,19,10,5
-2,-1691,3076.65,19,10,5
-2,-1691,3076.57,19,10,5
-2,-1691,3076.5,19,10,5
-2,-1691,3076.42,19,10,5
-2,-1691,3076.57,19,10,5
-2,-1691,3076.5,19,10,5
-2,-1691,3076.42,19,10,5
-2,-1691,3076.34,19,10,5
-2,-1691,3076.49,19,10,5
-2,-1691,3076.41,19,10,5
-2,-1691,3076.33,19,10,5
-2,-1691,3076.26,19,10,5
-2,-1691,3076.39,19,10,5
-2,-1691,3076.32,19,10,5
-2,-1691,3076.24,19,10,5
-2,-1691,3076.16,19,10,5
-2,-1691,3076.29,19,10,5
-2,-1691,3076.21,19,10,5
-2,-1691,3076.13,19,10,5
-2,-1691,3076.06,19,10,5
-2,-1691,3076.18,19,10,5
-2,-1691,3076.1,19,10,5
-2,-1691,3076.03,19,10,5
-2,-1691,3075.95,19,10,5
-2,-1691,3076.06,19,10,5
-3,-1691,3075.99,19,10,5
-3,-1691,3075.91,19,10,5
-3,-1691,3075.83,19,10,5
-3,-1691,3075.94,19,10,5
-3,-1691,3075.86,19,10,5
-3,-1691,3075.79,19,10,5
-3,-1691,3075.71,19,10,5
-3,-1691,3075.81,19,10,5
-3,-1691,3075.74,19,10,5
-3,-1691,3075.66,19,10,5
-3,-1691,3075.58,19,10,5
-3,-1691,3075.68,19,10,5
-4,-1690,3075.6,19,10,5
-4,-1690,3075.52,19,10,5
-4,-1690,3075.45,19,10,5
-4,-1690,3075.54,19,10,5
-4,-1690,3075.46,19,10,5
-4,-1690,3075.38,19,10,5
-4,-1690,3075.31,19,10,5
-4,-1690,3075.39,19,10,5
-4,-1690,3075.31,19,10,5
-5,-1690,3075.23,19,10,5
-5,-1690,3075.16,19,10,5
-5,-1690,3075.23,19,10,5
-5,-1691,3075.16,19,10,5
-5,-1691,3075.08,19,10,5
-5,-1691,3075,19,10,5
-6,-1691,3075.08,19,10,5
-6,-1691,3075,19,10,5
-6,-1691,3074.92,19,10,5
-6,-1691,3074.85,19,10,5
-6,-1691,3074.92,19,10,5
-6,-1691,3074.84,19,10,5
-6,-1692,3074.76,19,10,5
-6,-1692,3074.69,19,10,5
-6,-1692,3074.75,19,10,5
-6,-1692,3074.68,19,10,5
-6,-1693,3074.6,19,10,5
-6,-1693,3074.53,19,10,5
-6,-1693,3074.71,19,10,5
-6,-1693,3074.63,19,10,5
-6,-1694,3074.56,19,10,5
-6,-1694,3074.48,19,10,5
-6,-1694,3074.66,19,10,5
-6,-1695,3074.58,19,10,5
-6,-1695,3074.51,19,10,5
-6,-1695,3074.44,19,10,5
-5,-1695,3074.6,19,10,5
-5,-1696,3074.53,19,10,5
-5,-1696,3074.46,19,10,5
-5,-1696,3074.38,19,10,5
-5,-1696,3074.54,19,10,5
-5,-1696,3074.47,19,10,5
-4,-1697,3074.4,19,10,5
-4,-1697,3074.33,19,10,5
-4,-1697,3074.48,19,10,5
-4,-1697,3074.41,19,10,5
-3,-1697,3074.34,19,10,5
-3,-1697,3074.27,19,10,5
-3,-1698,3074.41,19,10,5
-3,-1698,3074.34,19,10,5
-2,-1698,3074.27,19,10,5
-2,-1698,3074.2,19,10,5
-2,-1698,3074.34,19,10,5
-2,-1698,3074.27,19,10,5
-1,-1698,3074.2,19,10,5
-1,-1699,3074.13,19,10,5
-1,-1699,3074.26,19,10,5
-1,-1699,3074.19,19,10,5
0,-1699,3074.12,19,10,5
0,-1699,3074.05,19,10,5
0,-1699,3074.17,19,10,5
0,-1699,3074.1,19,10,5
0,-1699,3074.03,19,10,5
0,-1700,3073.96,19,10,5
0,-1700,3074.08,19,10,5
0,-1700,3074.01,19,10,5
0,-1700,3073.94,19,10,5
0,-1700,3073.86,19,10,5
0,-1700,3073.97,19,10,5
0,-1701,3073.91,19,10,5
0,-1701,3073.83,19,10,5
0,-1701,3073.77,19,10,5
0,-1701,3073.87,19,10,5
0,-1701,3073.8,19,10,5
0,-1701,3073.73,19,10,5
0,-1702,3073.66,19,10,5
1,-1702,3073.76,19,10,5
1,-1702,3073.69,19,10,5
1,-1702,3073.62,19,10,5
1,-1702,3073.55,19,10,5
1,-1703,3073.65,19,10,5
1,-1703,3073.58,19,10,5
1,-1703,3073.51,19,10,5
1,-1703,3073.44,19,10,5
1,-1704,3073.53,19,10,5
1,-1704,3073.46,19,10,5
1,-1704,3073.39,19,10,5
1,-1704,3073.32,19,10,5
1,-1704,3073.41,19,10,5
1,-1705,3073.34,19,10,5
1,-1705,3073.27,19,10,5
1,-1705,3073.2,19,10,5
1,-1705,3073.28,19,10,5
1,-1705,3073.21,19,10,5
2,-1706,3073.15,19,10,5
2,-1706,3073.08,19,10,5
2,-1706,3073.15,19,10,5
2,-1706,3073.09,19,10,5
2,-1706,3073.02,19,10,5
2,-1707,3072.95,19,10,5
2,-1707,3073.02,19,10,5
2,-1707,3072.96,19,10,5
2,-1707,3072.89,19,10,5
2,-1707,3072.83,19,10,5
3,-1708,3072.89,19,10,5
3,-1708,3072.82,19,10,5
3,-1708,3072.76,19,10,5
3,-1708,3072.69,19,10,5
3,-1708,3072.88,19,10,5
3,-1708,3072.82,19,10,5
3,-1708,3072.75,19,10,5
3,-1709,3072.68,19,10,5
4,-1709,3072.86,19,10,5
4,-1709,3072.8,19,10,5
4,-1709,3072.73,19,10,5
4,-1709,3072.67,19,10,5
4,-1709,3072.84,19,10,5
4,-1709,3072.77,19,10,5
4,-1709,3072.71,19,10,5
4,-1709,3072.64,19,10,5
4,-1709,3072.8,19,10,5
4,-1709,3072.74,19,10,5
4,-1709,3072.67,19,10,5
4,-1709,3072.61,19,10,5
5,-1709,3072.77,19,10,5
5,-1709,3072.7,19,10,5
5,-1709,3072.64,19,10,5
5,-1709,3072.57,19,10,5
5,-1709,3072.72,19,10,5
5,-1709,3072.66,19,10,5
5,-1709,3072.6,19,10,5
5,-1709,3072.53,19,10,5
5,-1709,3072.67,19,10,5
5,-1709,3072.61,19,10,5
6,-1708,3072.54,19,10,5
6,-1708,3072.48,19,10,5
6,-1708,3072.62,19,10,5
6,-1708,3072.55,19,10,5
6,-1708,3072.49,19,10,5
6,-1708,3072.42,19,10,5
6,-1708,3072.55,19,10,5
6,-1708,3072.49,19,10,5
6,-1708,3072.43,19,10,5
6,-1708,3072.37,19,10,5
6,-1708,3072.49,19,10,5
7,-1708,3072.43,19,10,5
7,-1708,3072.36,19,10,5
7,-1708,3072.3,19,10,5
7,-1708,3072.42,19,10,5
7,-1708,3072.36,19,10,5
7,-1708,3072.29,19,10,5
7,-1708,3072.23,19,10,5
7,-1708,3072.34,19,10,5
8,-1708,3072.28,19,10,5
8,-1708,3072.21,19,10,5
8,-1708,3072.15,19,10,5
8,-1708,3072.25,19,10,5
8,-1708,3072.19,19,10,5
8,-1707,3072.13,19,10,5
8,-1707,3072.07,19,10,5
8,-1707,3072.17,19,10,5
8,-1707,3072.11,19,10,5
9,-1708,3072.05,19,10,5
9,-1708,3071.99,19,10,5
9,-1708,3072.09,19,10,5
9,-1708,3072.03,19,10,5
9,-1708,3071.97,19,10,5
10,-1708,3071.91,19,10,5
10,-1708,3072,19,10,5
10,-1708,3071.94,19,10,5
10,-1708,3071.89,19,10,5
11,-1708,3071.82,19,10,5
11,-1709,3071.91,19,10,5
11,-1709,3071.85,19,10,5
11,-1709,3071.8,19,10,5
11,-1709,3071.74,19,10,5
12,-1709,3071.82,19,10,5
12,-1709,3071.76,19,10,5
12,-1709,3071.7,19,10,5
12,-1709,3071.64,19,10,5
12,-1710,3071.72,19,10,5
13,-1710,3071.66,19,10,5
13,-1710,3071.6,19,10,5
13,-1710,3071.54,19,10,5
13,-1711,3071.62,19,10,5
13,-1711,3071.56,19,10,5
14,-1711,3071.5,19,10,5
14,-1711,3071.44,19,10,5
14,-1712,3071.64,19,10,5
14,-1712,3071.58,19,10,5
14,-1712,3071.52,19,10,5
14,-1712,3071.46,19,10,5
14,-1713,3071.65,19,10,5
15,-1713,3071.59,19,10,5
15,-1713,3071.54,19,10,5
15,-1713,3071.48,19,10,5
15,-1714,3071.66,19,10,5
15,-1714,3071.6,19,10,5
16,-1714,3071.54,19,10,5
16,-1714,3071.49,19,10,5
16,-1715,3071.66,19,10,5
16,-1715,3071.6,19,10,5
16,-1715,3071.54,19,10,5
16,-1715,3071.49,19,10,5
17,-1715,3071.65,19,10,5
17,-1715,3071.59,19,10,5
17,-1715,3071.54,19,10,5
17,-1715,3071.48,19,10,5
17,-1716,3071.64,19,10,5
17,-1716,3071.59,19,10,5
18,-1716,3071.54,19,10,5
18,-1716,3071.48,19,10,5
18,-1716,3071.63,19,10,5
18,-1716,3071.57,19,10,5
18,-1716,3071.52,19,10,5
19,-1716,3071.47,19,10,5
19,-1716,3071.61,19,10,5
19,-1716,3071.55,19,10,5
19,-1716,3071.5,19,10,5
19,-1716,3071.45,19,10,5
20,-1717,3071.59,19,10,5
20,-1717,3071.53,19,10,5
20,-1717,3071.48,19,10,5
20,-1717,3071.42,19,10,5
20,-1717,3071.55,19,10,5
20,-1717,3071.5,19,10,5
21,-1717,3071.45,19,10,5
21,-1717,3071.39,19,10,5
21,-1717,3071.51,19,10,5
21,-1717,3071.46,19,10,5
21,-1717,3071.41,19,10,5
21,-1717,3071.35,19,10,5
21,-1717,3071.47,19,10,5
21,-1717,3071.41,19,10,5
21,-1717,3071.36,19,10,5
21,-1717,3071.31,19,10,5
21,-1717,3071.42,19,10,5
21,-1717,3071.36,19,10,5
21,-1717,3071.31,19,10,5
21,-1717,3071.25,19,10,5
21,-1717,3071.36,19,10,5
21,-1717,3071.3,19,10,5
21,-1717,3071.25,19,10,5
21,-1717,3071.2,19,10,5
21,-1717,3071.3,19,10,5
21,-1717,3071.24,19,10,5
21,-1717,3071.19,19,10,5
21,-1717,3071.14,19,10,5
21,-1717,3071.24,19,10,5
21,-1717,3071.18,19,10,5
21,-1717,3071.13,19,10,5
22,-1717,3071.08,19,10,5
22,-1717,3071.17,19,10,5
22,-1717,3071.11,19,10,5
22,-1717,3071.06,19,10,5
22,-1717,3071.01,19,10,5
22,-1717,3071.1,19,10,5
22,-1717,3071.04,19,10,5
22,-1717,3070.99,19,10,5
22,-1717,3070.94,19,10,5
22,-1717,3071.02,19,10,5
22,-1717,3070.96,19,10,5
22,-1717,3070.91,19,10,5
22,-1717,3070.85,19,10,5
22,-1717,3070.93,19,10,5
22,-1717,3070.87,19,10,5
21,-1717,3070.82,19,10,5
21,-1717,3070.77,19,10,5
21,-1717,3070.95,19,10,5
21,-1717,3070.89,19,10,5
21,-1717,3070.84,19,10,5
21,-1717,3070.78,19,10,5
21,-1717,3070.96,19,10,5
21,-1717,3070.9,19,10,5
21,-1717,3070.85,19,10,5
20,-1717,3070.8,19,10,5
20,-1718,3070.97,19,10,5
20,-1718,3070.91,19,10,5
20,-1718,3070.86,19,10,5
20,-1718,3070.81,19,10,5
20,-1718,3070.97,19,10,5
21,-1718,3070.92,19,10,5
21,-1718,3070.87,19,10,5
21,-1718,3070.81,19,10,5
21,-1718,3070.97,19,10,5
21,-1718,3070.91,19,10,5
21,-1718,3070.86,19,10,5
21,-1718,3070.81,19,10,5
21,-1718,3070.96,19,10,5
21,-1718,3070.9,19,10,5
21,-1718,3070.85,19,10,5
21,-1718,3070.8,19,10,5
21,-1718,3070.94,19,10,5
21,-1718,3070.88,19,10,5
21,-1718,3070.83,19,10,5
21,-1718,3070.78,19,10,5
21,-1718,3070.91,19,10,5
21,-1718,3070.85,19,10,5
21,-1718,3070.8,19,10,5
21,-1718,3070.74,19,10,5
21,-1718,3070.87,19,10,5
21,-1718,3070.81,19,10,5
20,-1718,3070.76,19,10,5
20,-1717,3070.7,19,10,5
20,-1717,3070.82,19,10,5
20,-1717,3070.76,19,10,5
20,-1717,3070.71,19,10,5
20,-1717,3070.65,19,10,5
20,-1717,3070.77,19,10,5
20,-1717,3070.71,19,10,5
19,-1717,3070.66,19,10,5
19,-1717,3070.6,19,10,5
19,-1717,3070.71,19,10,5
19,-1717,3070.65,19,10,5
19,-1717,3070.6,19,10,5
19,-1717,3070.54,19,10,5
19,-1717,3070.64,19,10,5
18,-1717,3070.58,19,10,5
18,-1717,3070.53,19,10,5
18,-1717,3070.47,19,10,5
18,-1717,3070.56,19,10,5
18,-1717,3070.5,19,10,5
17,-1717,3070.45,19,10,5
17,-1717,3070.39,19,10,5
17,-1717,3070.48,19,10,5
17,-1717,3070.42,19,10,5
17,-1717,3070.36,19,10,5
17,-1717,3070.31,19,10,5
16,-1717,3070.39,19,10,5
16,-1717,3070.33,19,10,5
16,-1717,3070.28,19,10,5
16,-1717,3070.22,19,10,5
16,-1717,3070.3,19,10,5
16,-1717,3070.24,19,10,5
16,-1717,3070.19,19,10,5
16,-1717,3070.13,19,10,5
16,-1717,3070.21,19,10,5
16,-1717,3070.15,19,10,5
16,-1717,3070.1,19,10,5
16,-1717,3070.04,19,10,5
16,-1717,3070.11,19,10,5
16,-1717,3070.06,19,10,5
16,-1717,3070,19,10,5
16,-1717,3069.95,19,10,5
16,-1717,3070.01,19,10,5
16,-1717,3069.96,19,10,5
16,-1717,3069.91,19,10,5
16,-1717,3069.85,19,10,5
16,-1717,3070.03,19,10,5
17,-1718,3069.97,19,10,5
17,-1718,3069.92,19,10,5
17,-1718,3069.86,19,10,5
17,-1718,3070.03,19,10,5
17,-1718,3069.98,19,10,5
17,-1718,3069.93,19,10,5
17,-1718,3069.87,19,10,5
17,-1719,3070.03,19,10,5
18,-1719,3069.98,19,10,5
18,-1719,3069.92,19,10,5
18,-1719,3069.87,19,10,5
18,-1720,3070.02,19,10,5
18,-1720,3069.97,19,10,5
18,-1720,3069.91,19,10,5
18,-1720,3069.86,19,10,5
18,-1721,3070.01,19,10,5
18,-1721,3069.95,19,10,5
18,-1721,3069.9,19,10,5
19,-1722,3069.84,19,10,5
19,-1722,3069.98,19,10,5
19,-1722,3069.93,19,10,5
19,-1723,3069.87,19,10,5
19,-1723,3069.82,19,10,5
19,-1723,3069.95,19,10,5
19,-1724,3069.89,19,10,5
19,-1724,3069.84,19,10,5
19,-1724,3069.79,19,10,5
19,-1724,3069.91,19,10,5
18,-1725,3069.85,19,10,5
18,-1725,3069.8,19,10,5
18,-1725,3069.74,19,10,5
18,-1725,3069.86,19,10,5
18,-1726,3069.81,19,10,5
18,-1726,3069.75,19,10,5
18,-1726,3069.69,19,10,5
18,-1726,3069.8,19,10,5
18,-1726,3069.75,19,10,5
18,-1726,3069.69,19,10,5
18,-1727,3069.64,19,10,5
18,-1727,3069.74,19,10,5
18,-1727,3069.69,19,10,5
18,-1727,3069.63,19,10,5
18,-1727,3069.58,19,10,5
18,-1727,3069.68,19,10,5
18,-1727,3069.63,19,10,5
18,-1728,3069.57,19,10,5
17,-1728,3069.51,19,10,5
17,-1728,3069.61,19,10,5
17,-1728,3069.56,19,10,5
18,-1728,3069.5,19,10,5
18,-1728,3069.45,19,10,5
18,-1728,3069.54,19,10,5
18,-1729,3069.49,19,10,5
18,-1729,3069.43,19,10,5
18,-1729,3069.38,19,10,5
18,-1729,3069.47,19,10,5
18,-1730,3069.42,19,10,5
18,-1730,3069.36,19,10,5
19,-1730,3069.31,19,10,5
19,-1730,3069.4,19,10,5
19,-1730,3069.34,19,10,5
19,-1731,3069.29,19,10,5
19,-1731,3069.24,19,10,5
19,-1731,3069.31,19,10,5
19,-1731,3069.26,19,10,5
20,-1731,3069.21,19,10,5
20,-1732,3069.15,19,10,5
20,-1732,3069.23,19,10,5
20,-1732,3069.17,19,10,5
20,-1732,3069.12,19,10,5
20,-1732,3069.06,19,10,5
20,-1732,3069.13,19,10,5
20,-1732,3069.08,19,10,5
20,-1732,3069.02,19,10,5
20,-1732,3068.97,19,10,5
19,-1732,3069.03,19,10,5
19,-1732,3068.97,19,10,5
19,-1733,3068.92,19,10,5
19,-1733,3068.87,19,10,5
19,-1733,3069.03,19,10,5
19,-1733,3068.98,19,10,5
19,-1733,3068.92,19,10,5
19,-1733,3068.87,19,10,5
19,-1732,3069.03,19,10,5
19,-1732,3068.98,19,10,5
19,-1732,3068.92,19,10,5
19,-1732,3068.87,19,10,5
19,-1732,3069.02,19,10,5
19,-1732,3068.97,19,10,5
19,-1732,3068.91,19,10,5
19,-1732,3068.86,19,10,5
19,-1732,3069,19,10,5
19,-1732,3068.95,19,10,5
19,-1731,3068.89,19,10,5
18,-1731,3068.84,19,10,5
18,-1731,3068.97,19,10,5
18,-1731,3068.92,19,10,5
18,-1731,3068.86,19,10,5
18,-1731,3068.81,19,10,5
18,-1730,3068.94,19,10,5
18,-1730,3068.88,19,10,5
18,-1730,3068.82,19,10,5
17,-1730,3068.77,19,10,5
17,-1730,3068.9,19,10,5
17,-1729,3068.84,19,10,5
17,-1729,3068.78,19,10,5
17,-1729,3068.73,19,10,5
17,-1729,3068.84,19,10,5
16,-1729,3068.79,19,10,5
16,-1729,3068.73,19,10,5
16,-1729,3068.67,19,10,5
16,-1728,3068.78,19,10,5
16,-1728,3068.73,19,10,5
16,-1728,3068.67,19,10,5
15,-1728,3068.61,19,10,5
15,-1728,3068.72,19,10,5
15,-1728,3068.66,19,10,5
15,-1728,3068.6,19,10,5
15,-1728,3068.55,19,10,5
15,-1728,3068.65,19,10,5
14,-1728,3068.59,19,10,5
14,-1728,3068.53,19,10,5
14,-1728,3068.47,19,10,5
14,-1728,3068.57,19,10,5
14,-1728,3068.51,19,10,5
14,-1729,3068.45,19,10,5
13,-1729,3068.39,19,10,5
13,-1729,3068.48,19,10,5
13,-1729,3068.42,19,10,5
13,-1729,3068.36,19,10,5
13,-1729,3068.3,19,10,5
12,-1729,3068.38,19,10,5
12,-1730,3068.32,19,10,5
12,-1730,3068.26,19,10,5
12,-1730,3068.21,19,10,5
